id,zone,number,y,x,z,heading,target_y,target_x,target_z,target_heading,zoneinst,target_zone_id,buffer
1,qeynos,1,464,-442,1.5,0,-151,-5,1.5,999,0,2,0
3,qeynos,2,586,-80,1.5,0,-26,356,1.5,999,0,2,0
7,qeynos2,9,1272,73,2.5,0,-220,999999,4,999,0,4,0
10,feerrott,5,-2380,2601,26,0,-813.26,1020.95,105,999,0,72,0
11,feerrott,77,870.59,-160.11,-6.37,0,-901.31,444.21,-152.87,999,0,202,0
13,acrylia,1,30,-663,4,0,871.87,1944.74,-268,999,0,167,0
14,commons,0,0,0,0,0,0,0,-32,128,0,152,0
17,qey2hh1,2,627,3242,0,0,999999,3194,4,999,0,13,0
18,northkarana,1,639,3042,-1.4,0,999999,-15844,0,999,0,12,0
19,northkarana,2,12,1066,-3.35,0,13,990,-34,999,0,15,0
20,eastkarana,1,8.27,1140,-34,0,14.14,-3080,-34,999,0,13,0
21,northkarana,3,2880,899,-3,0,2700,895,-30.03,128,0,14,0
23,eastkarana,2,3602,-2074,11.22,0,-1187,-443,32,999,0,16,0
24,beholder,1,-1184.86,-452.33,37.5,0,3371,-2284,51,999,0,15,0
25,eastkarana,3,-3088,-8339,693,0,835,109,3.13,999,0,5,0
27,southkarana,2,-3143,931,-9,0,-79.3,-7.9,4,999,0,18,0
31,beholder,2,907,-1846,4.75,0,-116.69,-23.31,4,999,0,11,0
38,highkeep,1,56.81,96.21,3.13,0,63.33,-106.07,3.13,999,0,5,0
40,commons,1,900,4180,-48,0,1464.44,-1088.05,-48,999,0,20,0
41,kithicor,3,1464,-1089,-48,0,904.3,4216,-48.97,999,0,21,0
45,commons,2,999999,-1621,999999,0,999999,5045,999999,999,0,22,0
47,commons,3,-1146,597,-39,0,-75.27,35.22,3.13,999,0,36,0
49,ecommons,2,999999,-1572,999999,0,10.3,-1475,-51,65,0,21,0
51,ecommons,3,1527,607,-18.41,0,-28,775,-24,191,0,9,0
53,ecommons,4,999999,5045,999999,0,-2679.36,-514.8,-19.34,50,0,25,0
71,gukbottom,7,0,0,0,0,1630,359,-88,999,0,65,0
75,lavastorm,2,1349,330,3,0,268.8,7.5,3,0,0,80,0
77,guktop,7,0,0,0,0,1667,-136,-98,360,0,66,0
94,feerrott,1,-1132,-3124.12,-9.22,0,-1132.7,1888.8,-9,226.9,0,46,0
97,feerrott,2,364.44,3415.17,3.13,0,1007.7,-2864.3,17,59.1,0,50,0
99,feerrott,4,1667,808,60,0,-385.27,-96.32,3.5,2.5,0,49,0
101,feerrott,3,-1451.82,-111.83,1,126,71.4,-38.1,1.9,61.6,0,48,0
108,southkarana,4,2700,895,-31,0,-4472,1206,-30.03,0,0,13,0
121,erudsxing,1,0,0,3,0,115,325,23.75,360,0,24,0
126,felwithea,1,-1943,-2595,25,0,6,255,3,0,0,54,0
148,akanon,1000,54,-76,2,0,-2062,528,-110,999,0,56,0
156,warslikswoods,3,0,0,3,0,0,0,3,0,0,82,0
181,erudnint,1,0,0,0,0,712,806,22,999,0,23,0
182,erudnint,2,715,793,4,0,-770,-182,54,0,0,24,0
186,butcher,4,1355,3239,11.75,0,410.05,-9171.42,10,999,0,69,0
187,oasis,3,0,0,3,0,0,0,3,0,0,93,0
197,highkeep,2,-91.98,91.48,3.13,0,-88.57,-107.04,3.13,999,0,5,0
214,qeynos,5,276,-552,-52,0,339,-175,-67,999,0,45,0
310,westwastes,2,0,0,0,0,-100,2000,3.24,0,0,123,0
311,necropolis,1,0,0,0,0,0,0,0,0,0,120,0
312,westwastes,3,0,0,0,0,-500,-2000,-42,84,0,124,0
313,templeveeshan,1,0,0,0,0,1362.81,698.74,-197.53,128,0,120,0
315,sleeper,1,0,0,0,0,0,0,0,0,0,116,0
336,felwithea,2,0,0,0,0,244,-834,-10,0,0,62,0
337,felwithea,3,0,0,0,0,-1931,-2632,21,0,0,54,0
338,gfaydark,1,-1934,-2597,23,0,40,200,4,999,0,61,0
339,gfaydark,2,-2612,-1112,3.13,0,2175,-1202,3.13,999,0,57,0
340,gfaydark,3,-1641,2665,3.13,0,-1320,-3082,3.13,999,0,68,0
341,gfaydark,4,2600,-55,19,0,-660,162,4,999,0,58,0
342,gfaydark,177,-182,-744,-1.3,0,838,882,-157,999,0,202,0
343,gfaydark,178,-2245,-1820,0.4,0,812,97,-157,999,0,202,0
345,crushbone,1,-632,163,3.13,0,2608,-55,18.5,999,0,54,0
346,gunthak,1,-1081,2492,70,0,560,520,5,150,0,225,0
347,gunthak,2,999999,-963.5,15,0,-1545,-4110,-375,0,0,100,0
348,gunthak,3,-2260,1690,-48,0,-660,420,-25,0,0,227,0
349,gunthak,4,-3803,2894,559,0,-1349,-644,-40,5,0,227,0
370,felwitheb,1,0,0,0,0,344,-720,-10,128,0,61,0
371,felwitheb,2,0,0,0,0,524,-497,-2,0,0,62,0
372,felwitheb,3,0,0,0,0,583,-602,-5,0,0,62,0
373,felwitheb,4,0,0,0,0,484,-717,-4,0,0,62,0
374,felwitheb,5,0,0,0,0,301,-587,-10,0,0,62,0
375,felwitheb,6,0,0,0,0,301,-587,-10,0,0,62,0
376,felwitheb,7,0,0,0,0,301,-587,-10,0,0,62,0
377,freporte,9,100,-64,-24,0,-84,-926,-28,999,0,9,0
378,freporte,10,448,-360,-28,0,-418,-622,-28,999,0,9,0
379,freporte,11,-1200,-670,-50,0,4154,207,-27,128,0,34,0
380,freporte,53,-155,344,-94,0,-740,-1632,-94,999,0,9,0
381,freportw,5,149,-716,-11,0,12,-656,-55,999,0,9,0
382,freportw,6,96,-652,-39,0,147,-682,-13,999,0,9,0
383,freportw,7,270,-699,-25,0,-376,-83,999999,999,0,8,0
384,freportw,8,225,-126,-10,0,-415,491,999999,999,0,8,0
385,freportw,9,-84,-926,-28,0,100,-64,-24,999,0,10,0
386,freportw,10,-418,-622,-28,0,448,-360,-28,999,0,10,0
387,freportw,12,0,0,0,0,999999,-1592,-54,999,0,22,0
388,freportw,51,1585,-272,2,0,372,722,-8,999,0,8,0
389,freportw,52,719,-586,-20,0,-2,-441,-18,999,0,8,0
390,freportw,53,-740,-1632,-94,0,-155,344,-94,999,0,10,0
391,freportw,177,0,0,0,0,-406,-234,-157,258,0,202,0
392,freportn,7,-379,-83,-25,0,267,-700,999999,0,0,9,0
393,freportn,8,-415,491,-11,0,227,-124,999999,0,0,9,0
394,freportn,51,372,722,-11,0,1590,-275,4,0,0,9,0
395,freportn,52,-6,-436,-20,0,730,-581,-18,0,0,9,0
396,grobb,1,-133,50,3.13,0,-2827,-665.3,-30,127.5,0,46,0
397,halas,1,-692.79,-77.88,3.13,0,3684,380,5,999,0,30,0
398,kaladima,1,-64.45,42.17,3.13,0,3131,-179,3.13,999,0,68,0
399,kaladima,2,419.97,333.59,-18.15,0,416,340,-22,999,0,67,0
400,kaladima,3,390,-264,3.13,0,354,-224,4,999,0,67,0
401,kaladimb,1,416,340,-22,0,419.97,333.59,-18.15,999,0,60,0
402,kaladimb,2,354,-224,4,0,390,-264,4,999,0,60,0
403,katta,1,725.45,-666.83,2.13,0,-59,1801,-36,999,0,172,0
404,katta,2,-1783.47,-1046.22,-266.87,0,-183,-1976,95,999,0,170,0
405,katta,3,-1783.47,-903.26,-266.87,0,-32,-1977,95,999,0,170,0
407,katta,7,0,0,0,0,-907,-96,73,0,0,160,0
408,katta,8,0,0,0,0,-907,-96,143,0,0,160,0
409,katta,9,0,0,0,0,-907,-96,210,0,0,160,0
410,katta,10,0,0,0,0,-760,-100,4,0,0,160,0
411,katta,11,0,0,0,0,-163,-1085,-266,0,0,160,0
412,katta,12,0,0,0,0,-163,-1085,-266,0,0,160,0
413,neriaka,1,0,0,0,0,-242,999999,999999,999,0,41,0
414,neriaka,2,86,-354,-11,0,999999,-367,999999,999,0,41,0
415,neriaka,3,29,155,30,0,2299.79,-1108.24,2.19,64,0,25,0
416,neriakb,1,0,0,0,0,-247,999999,999999,999,0,40,0
417,neriakb,2,86,-401,-11,0,999999,-361,999999,999,0,40,0
418,neriakb,3,200,-852,-39,0,206,999999,999999,999,0,42,0
419,neriakc,1,205,-852,-39,0,200,999999,999999,999,0,41,0
420,neriakc,2,0,0,0,0,-876,1146,-1,252,0,57,0
425,nexus,0,0,0,0,0,3113,9655,1047,251,0,86,0
426,nexus,2,0,0,0,0,2045,-345,-63,64,0,161,0
427,nexus,3,0,0,0,0,170,1570,-57,999,0,150,0
428,nexus,4,0,0,0,0,-45.07,187.12,0.72,192,0,151,0
429,nexus,6,0,0,0,0,-2068,-3590,-94,128,0,165,0
430,nexus,7,0,0,0,0,1167,3255,112,384,0,166,0
431,nexus,8,0,0,0,0,1166,-232,59,0,0,159,0
432,nexus,9,0,0,0,0,170,1479,-55,0,0,150,0
433,nexus,10,0,0,0,0,636,-550,3,256,0,160,0
434,nexus,11,0,0,0,0,-3685,1209,-5,256,0,13,0
435,nexus,12,0,0,0,0,3047,9658,1052,249,0,86,0
436,nexus,13,0,0,0,0,170,1571,-50,0,0,150,0
437,nexus,14,0,0,0,0,-420,-1858,-15,128,0,170,0
438,nexus,25,0,0,0,0,-1249,-623,-29,0,0,169,0
439,nexus,77,0,0,0,0,381,-76,-157,1,0,202,0
440,oggok,1,0,0,0,0,1609,901.4,58,126,0,47,0
452,poknowledge,1,0,0,0,0,-513,-1260,9,259,0,33,0
453,poknowledge,2,0,0,0,0,-188,-734,-3,430,0,54,0
454,poknowledge,3,0,0,0,0,1726,-523,-1,45,0,68,0
455,poknowledge,4,0,0,0,0,2835,-31,-62,453,0,30,0
456,poknowledge,5,0,0,0,0,-2223,-1824,-1,244,0,54,0
457,poknowledge,6,0,0,0,0,2327,-538,-42,375,0,38,0
458,poknowledge,7,0,0,0,0,48,442,-29,135,0,152,0
459,poknowledge,8,0,0,0,0,-41,-1811,391,0,0,118,0
460,poknowledge,9,0,0,0,0,-2970,-2433,-215,236,0,165,0
461,poknowledge,10,0,0,0,0,219,487,2,267,0,2,0
462,poknowledge,11,0,0,0,0,774,-1463,-878,131,0,203,0
463,poknowledge,12,0,0,0,0,-455,4673,9,128,0,84,0
464,poknowledge,13,0,0,0,0,-658,76,-32,255,0,9,0
465,poknowledge,14,0,0,0,0,-1329,931,-109,248,0,56,0
466,poknowledge,15,0,0,0,0,-2980,1845,11,259,0,78,0
467,poknowledge,16,0,0,0,0,-706,-40,-25,216,0,46,0
468,poknowledge,17,0,0,0,0,705,-349,-4,20,0,25,0
469,poknowledge,18,0,0,0,0,908,-163,-9,248,0,47,0
470,poknowledge,19,0,0,0,0,3133,1888,-51,128,0,93,0
471,poknowledge,20,0,0,0,0,-2347,272,-47,116,0,38,0
472,qeynos,3,0,0,0,0,230,-64,-80,129,0,45,0
473,qeynos,4,177,-477,-16,0,307,-184,-38,250,0,45,0
474,qeynos,22,-185,149,-64,0,-175,147,-77,999,0,45,0
475,qeynos,33,-151,-596,-25,0,217,-301,-38,999,0,45,0
476,qeynos2,1,0,0,0,0,-168,-714,-10,999,0,2,0
477,qeynos2,2,0,0,0,0,-30,-153,9,250,0,2,0
478,qeynos2,4,0,0,0,0,-175,141,-80,384,0,45,0
479,qeynos2,5,175,90,-39,0,637,105,-38,999,0,45,0
480,qeynos2,6,194,348,-27,0,889,217,-50,999,0,45,0
481,qeynos2,14,0,0,0,0,893,756,-82,0,0,2,0
482,qeynos2,77,0,0,0,0,147,-289,-157,383,0,202,0
483,qeynos2,99,308,-161,4,0,1057,-49,-43,999,0,45,0
484,qcat,1,-175,147,-77,0,-189,127,-90,999,0,1,0
485,qcat,2,217,-301,-38,0,-147,-608,-24,999,0,1,0
486,qcat,3,307,-184,-38,0,175,-483,-27,999,0,1,0
487,qcat,4,339,-175,-67,0,273,-553,-62,999,0,1,0
488,qcat,5,637,105,-40,0,175,90,-38,999,0,2,0
489,qcat,6,889,217,-50,0,190,340,-30,999,0,2,0
490,qcat,7,0,0,0,0,1122,-852,-50,275,0,38,0
491,qcat,99,1051,-49,-58,0,302,-161,-13,999,0,2,0
492,rivervale,98,0,0,0,0,2022,3825,463,999,0,20,0
493,rivervale,99,0,0,0,0,410,-2552,-4,999,0,33,0
494,sseru,1,0,0,0,0,-2140,-1064,-27,128,0,168,0
495,sseru,2,0,0,0,0,-72,2081,89,384,0,174,0
496,sseru,3,0,0,0,0,74,2089,89,384,0,174,0
497,sseru,6,0,0,0,0,0,0,-25,0,0,152,0
498,sseru,8,0,0,0,0,1166,-232,59,0,0,159,0
499,sseru,188,0,0,0,0,1017,-12,225,248,0,159,0
500,sseru,189,0,0,0,0,1016,-447,225,249,0,159,0
501,sseru,191,0,0,0,0,-137,281,157,252,0,159,0
502,sseru,192,0,0,0,0,82,64,157,376,0,159,0
503,sseru,193,0,0,0,0,-22,65,122,380,0,159,0
504,sseru,194,0,0,0,0,-132,179,122,247,0,159,0
505,sseru,195,0,0,0,0,-132,-743,157,259,0,159,0
506,sseru,196,0,0,0,0,82,-526,157,119,0,159,0
507,sseru,197,0,0,0,0,-17,-533,122,128,0,159,0
508,sseru,198,0,0,0,0,-134,-642,122,252,0,159,0
509,sseru,201,0,0,0,0,-730,280,157,3,0,159,0
510,sseru,202,0,0,0,0,-947,65,157,388,0,159,0
511,sseru,203,0,0,0,0,-844,66,122,383,0,159,0
512,sseru,204,0,0,0,0,-730,179,122,510,0,159,0
513,sseru,205,0,0,0,0,-944,-528,157,122,0,159,0
514,sseru,206,0,0,0,0,-724,-746,157,503,0,159,0
515,sseru,207,0,0,0,0,-730,-643,122,503,0,159,0
516,sseru,208,0,0,0,0,-843,-531,122,120,0,159,0
517,sseru,209,0,0,0,0,-282,-372,130,124,0,159,0
518,sseru,210,0,0,0,0,-579,-92,193,509,0,159,0
519,sseru,211,0,0,0,0,1148,367,59,121,0,159,0
520,sseru,212,0,0,0,0,995,-133,59,246,0,159,0
521,sseru,213,0,0,0,0,987,-331,59,251,0,159,0
522,shadowhaven,1,0,0,0,0,0,0,-30,999,0,152,0
523,shadowhaven,2,381.5,1780,-55,0,835,-900,-28,0,0,153,0
524,shadowhaven,3,-1120,1627.8,-74.9,0,-1000,-81,0,0,0,153,0
525,shadowhaven,4,329.2,-1080,-29.81,0,-2210,874,-315,384,0,156,0
526,shadowhaven,6,0,0,0,0,190,1300,-55,999,0,150,0
527,shadowhaven,7,0,0,0,0,190,1230,-109,999,0,150,0
528,shadowhaven,8,0,0,0,0,-151.46,-338.28,0.72,64,0,151,0
529,shadowhaven,9,0,0,0,0,-151.46,-338.28,0.72,64,0,151,0
530,shadowhaven,10,0,0,0,0,-1323,25,60,999,0,153,0
531,shadowhaven,11,0,0,0,0,-2122,1059,-315,384,0,156,0
533,sharvahl,1,0,0,0,0,-2068,-3585,-94,125,0,165,0
534,sharvahl,2,0,0,0,0,1170,3260,111,380,0,166,0
535,sharvahl,6,0,0,0,0,0,0,-25,0,0,152,0
537,qrg,5,0,0,0,0,5100.9,196.7,-1,128,0,4,0
538,qrg,7,0,0,0,0,1315,1790,-13,128,0,181,0
539,thurgadina,1,-1227,-22,-2,0,49,-114,100,128,0,118,0
540,thurgadina,2,-665,-88,-95,0,-760,-78,-95,0,0,129,0
541,thurgadina,3,240,35,3,0,106,45,3,0,0,129,0
542,thurgadinb,1,112,43,2,0,240,35,3,256,0,115,0
543,thurgadinb,2,0,0,0,0,-1643,2080,132,999,0,118,0
544,thurgadinb,3,-760,-78,-95,0,-665,-88,-95,256,0,115,0
549,butcher,1,-1312,-3070,3.75,0,-1650,2673,1,999,0,54,0
550,butcher,2,3114.75,-186.57,3.75,0,-64,42,4,999,0,60,0
551,butcher,3,-2929,-344,3.75,0,2856,262,473,999,0,70,0
552,butcher,77,1752,-502,1,0,829,474,-157,999,0,202,0
555,cobaltscar,1,1573,1629,71,0,-598,70,-93,999,0,125,0
556,cobaltscar,10,-670,893,405,0,449,-328,43.72,0,0,114,0
557,cauldron,1,2856,262,472.47,0,-2935,-337,3.13,999,0,68,0
558,cauldron,2,-1167,-1013,-330,0,100,30,326,999,0,64,0
559,cauldron,3,-2002.06,-627.76,93.15,0,64,330,3.13,999,0,63,0
560,dawnshroud,1,-72.63,2091,89,0,1469,-305,59,999,0,159,0
561,dawnshroud,2,2090.11,-107.57,87,0,-696,71,3,999,0,161,0
562,dawnshroud,3,-1949,-862,102,0,-1.9,3502,-6.1,190.4,0,163,0
563,dawnshroud,4,-713,-2049,51,0,1015,2045,-210,999,0,173,0
564,dawnshroud,5,74,2089,89,0,1443,-145,59,999,0,159,0
565,dawnshroud,6,2097,-244.48,87,0,-696,-54,3,999,0,161,0
573,dulak,1,782,-578,56,0,-321,-629,3,999,0,226,0
574,dulak,2,582,526,3,0,-1048.5,2520,69,999,0,224,0
575,ecommons,1,-2462,-105,3.13,0,2604,2903,3.13,999,0,34,0
581,eastwastes,1,-4471,-5901,560,0,999999,10700,999999,999,0,110,0
582,eastwastes,2,-6248,7020,-301,0,-11.95,-653.84,124,999,0,113,0
583,eastwastes,3,-1813,6638,144,0,-1785,-5103,233,999,0,118,0
584,eastwastes,5,-4073,478,145,0,487,303,-74,999,0,121,0
585,eastwastes,13,-7250,14,160,0,-40,1,3.13,999,0,128,0
590,everfrost,1,3700,370,3,0,-676,-76.46,3.13,999,0,29,0
591,everfrost,2,-3061,-530,-109,0,95,-340,4,999,0,17,0
592,everfrost,3,2020,-7048,-60,0,-60,100,4,999,0,73,0
594,everfrost,77,2884.4,-75,-60,0,846,131,-157,999,0,202,0
615,greatdivide,0,-1898,-2697,-44,0,0,0,-32,0,0,152,0
616,greatdivide,1,-1773,-5116,225,0,-1769,6675,197,999,0,116,0
617,greatdivide,2,59,-142,100,0,-1230,-22,-1,999,0,115,0
618,greatdivide,3,-6780,3336,-36,0,589,-72,-152,999,0,112,0
619,greatdivide,4,0,0,0,0,-1410,-395,114,0,0,126,0
620,greatdivide,77,9,-1812,395,0,393,-235,-157,999,0,202,0
621,thegrey,1,0,0,0,0,1401,-2,50,340,0,169,0
622,thegrey,2,0,0,0,0,-34,-25,3,64,0,162,0
623,thegrey,3,0,0,0,0,779,1965,-39,384,0,175,0
624,grimling,1,866.37,1929,-268,0,30,-663,4,999,0,154,0
625,grimling,2,-1791,-1202,36,0,3326,-2528,266,999,0,166,0
626,grimling,3,1582,-694,60,0,-1749,-1133,-23,999,0,172,0
633,hollowshade,1,1178.12,3261.23,111.34,0,1657.48,-480.4,-212.87,999,0,155,0
634,hollowshade,2,3325.32,-2529.82,265.81,0,-1790,-1213,37,999,0,167,0
635,hollowshade,3,-1638.63,3044.05,-125.19,0,1584,-338,124,999,0,156,0
637,iceclad,1,-4499.89,10661.5,559.85,0,999999,-5915,999999,999,0,116,0
638,iceclad,7,1725,2865,120,0,100,200,0,0,0,111,0
639,iceclad,9,3932.79,-20339.3,-33.61,0,810,-840,-3,0,0,34,0
640,innothule,1,2569.11,1140.77,-24.78,0,-3203,1098,-21,192.2,0,35,0
641,innothule,2,-1131.29,1893.76,-9.22,0,-1102,-3100.5,-9,8,0,47,0
642,innothule,3,-2763.64,-615.55,-31.44,0,-84.9,0.2,3,255.9,0,52,0
643,innothule,4,140.98,-827.97,-8.37,0,-36,7.4,3,255.5,0,65,0
644,innothule,77,-731.99,-30.93,-25.78,0,-812,95,-157,999,0,202,0
647,kerraridge,1,417,-9448,23,0,-512,2653,-34,999,0,38,0
648,kithicor,1,644,4890,693,0,-979,91,4,999,0,5,0
649,kithicor,2,2007,3825,465,0,-369,-282,4,999,0,19,0
657,lavastorm,1,549,-1784.4,-98,0,-15,856,5,999,0,44,0
658,lavastorm,25,-2117.83,-194.11,-16.45,0,3107,289,-17,999,0,25,0
659,lavastorm,31,798,223,129,0,-443,-525,70,999,0,31,0
660,lavastorm,32,915,483,54,0,-413,-265,-112,999,0,32,0
663,lfaydark,1,0,0,0,0,579,2205,-112,999,0,56,0
664,lfaydark,2,0,0,0,0,-2624,-1113,1,999,0,54,0
665,lfaydark,3,0,0,0,0,-347,126,-182,999,0,59,0
666,lfaydark,9,0,0,0,0,910,-1775,-75,226,0,42,0
667,maiden,1,0,0,0,0,-710,-2035,52,256,0,174,0
668,maiden,2,-2292,256,-156,0,-1430,-70,23,0,0,179,0
669,maiden,3,-2235,80,-156,0,-1430,180,23,0,0,179,0
670,maiden,4,0,0,0,0,-575,2115,23,385,0,176,0
671,mseru,1,0,0,0,0,1151,389,59,379,0,159,0
672,mseru,2,0,0,0,0,525,1020,72,377,0,161,0
673,mseru,3,0,0,0,0,-1390,-687,11,50,0,169,0
674,mseru,4,0,0,0,0,398,1031,72,382,0,161,0
675,misty,1,0,0,0,0,228,152,6,999,0,11,0
676,misty,2,0,0,0,0,-79,78,5,1470,0,19,0
677,misty,77,0,0,0,0,830,1227,-157,511,0,202,0
678,letalis,1,0,0,0,0,-2113,353,-59,489,0,171,0
679,letalis,2,0,0,0,0,2139,-1170,161,83,0,168,0
680,letalis,6,0,0,0,0,0,0,-25,0,0,152,0
681,nadox,1,422.15,-664.55,-30.62,0,-2216,1672,-52.81,190.2,0,224,0
682,nadox,2,0,0,0,0,110,-1030,0,128,0,228,0
683,nadox,3,-628.13,-1347.79,-41.81,0,-3781,2920,556,0,0,224,0
684,nadox,4,0,0,0,0,1165,-6,-20,165,0,226,0
686,nro,1,0,0,0,0,-1097,-648,-50,254,0,10,0
687,nro,2,0,0,0,0,2501.1,83.3,43.9,128,0,37,0
688,nro,3,0,0,0,0,-2461,-152,4,999,0,22,0
689,nro,4,0,0,0,0,5330,390,-15,322,0,110,0
690,northkarana,0,0,0,0,0,0,0,-32,128,0,152,0
691,northkarana,6,0,0,0,0,0,0,-25,0,0,152,0
692,oasis,1,0,0,0,0,-1824.3,395.4,12.4,0,0,34,0
693,oasis,2,-1876,255,5,0,1530,95.6,7,104.9,0,35,0
700,qeytoqrg,1,0,0,0,0,1395,999999,4,999,0,2,0
701,qeytoqrg,2,0,0,0,0,36,45,999999,999,0,12,0
703,qeytoqrg,3,0,0,0,0,-162.1,16.05,3.8009,999,0,17,0
704,qeytoqrg,4,0,0,0,0,-65.9,136.9,4,241,0,3,0
725,rathemtn,1,3411,3036,-1.4,0,2518,-2282,4,999,0,51,0
726,rathemtn,2,0,0,0,0,377,3424,2,999,0,47,0
727,scarlet,1,0,0,0,0,-99,932,-80,1,0,163,0
728,scarlet,2,0,0,0,0,-1187,2001,-29,0,0,170,0
729,scarlet,3,0,0,0,0,631,-2049,4,64,0,171,0
730,shadeweaver,1,0,0,0,0,-1685,495,-212,64,0,155,0
731,shadeweaver,3,0,0,0,0,-3906,-288,196,131,0,156,0
732,shadeweaver,6,0,0,0,0,0,0,-25,0,0,152,0
733,shadeweaver,77,0,0,0,0,364,-293,-157,383,0,202,0
738,sro,1,0,0,0,0,-1899,95.6,7,11.2,0,37,0
739,sro,2,0,0,0,0,2563,1153,-23,117.1,0,46,0
740,southkarana,1,-8554,1144,3,0,4374,1151,1,999,0,51,0
741,steamfont,1,0,0,0,0,54,-77,4,999,0,55,0
742,steamfont,2,0,0,0,0,918,-2177,-4,999,0,57,0
743,steamfont,77,0,0,0,0,-401,-76,-157,255,0,202,0
752,soltemple,1,0,0,0,0,1158,-1808,-103.35,999,0,27,0
753,tenebrous,1,0,0,0,0,1585,-693,63,261,0,167,0
754,tenebrous,2,0,0,0,0,700,-669,3,252,0,160,0
767,torgiran,1,0,0,0,0,5,-1585,7,0,0,227,0
768,torgiran,2,0,0,0,0,790,-580,56,137,0,225,0
769,tox,0,0,0,0,0,0,0,-32,128,0,152,0
770,tox,1,0,0,0,0,-1556,-184,-45,999,0,24,0
771,tox,2,0,0,0,0,883,98,1,999,0,75,0
772,tox,3,0,0,0,0,425,-942,24,999,0,74,0
773,tox,4,0,0,0,0,266,203,-38,0,0,45,0
774,tox,77,2326,-580,-45,0,662,36,-157,256,0,202,0
775,tox,177,-2339,284,-47,0,-840,1227,-157,257,0,202,0
779,twilight,1,0,0,0,0,-1750,-972,-266,0,0,160,0
780,twilight,2,0,0,0,0,-1118,-1810,-98,0,0,175,0
782,twilight,6,0,0,0,0,0,0,-25,0,0,152,0
783,umbral,1,0,0,0,0,-2186,-572,153,380,0,176,0
784,umbral,2,0,0,0,0,-220,-2082,-152,128,0,173,0
785,umbral,45,0,0,0,0,343,-1400,-40.4,64.4,0,158,0
786,wakening,1,0,0,0,0,-210,-730,10,20,0,114,0
787,wakening,2,0,0,0,0,-133,3190,-395,384,0,113,0
788,wakening,7,0,0,0,0,-2493,3019,-21,256,0,127,0
796,westwastes,1,-91,205,3.75,252,210.49,-88.81,2.19,128,0,125,0
797,westwastes,20,1976,-86,4,425,-100,2000,3,24,0,123,0
798,westwastes,56,-499,-2025,-44,211,-500,-2000,-42,84,0,124,0
799,qey2hh1,1,0,0,0,0,1238,-2449,-2,999,0,4,0
800,arena,1,-13.02,-675.31,-16.52,0,2658.09,2419.21,94.13,0,0,51,0
801,befallen,1,-75.27,35.22,3.75,0,-1150,596,-38,999,0,21,0
802,blackburrow,1,-158.97,38.92,3.75,0,3431,-1155,3.75,999,0,4,0
803,blackburrow,2,94.53,-345.21,3.75,0,-3058,-530,-109,999,0,30,0
804,blackburrow,7,163.07,148.64,-155.19,0,270,2730,-2,999,0,181,0
806,lakerathe,1,2513,-2280,5,0,3411,3036,-2,999,0,50,0
807,lakerathe,2,2342,2493,95,0,-638.88,15.13,-16.73,0,0,77,0
808,lakerathe,3,4376.63,1155.48,3.13,0,-8563,1156,4,999,0,14,0
811,crystal,1,486,302,-74,0,-4065,478,145,999,0,116,0
812,crystal,2,-576,62,-105,0,-3405,1066,150,999,0,116,0
816,thedeep,1,0,0,0,0,-865,-506,-256,256,0,162,0
817,thedeep,2,0,0,0,0,-1765,1586,128,0,0,153,0
821,echo,1,836,-901,-30,0,380,1798,-54,999,0,150,0
822,echo,2,1155,1031,-122,0,-2328,-1145,-308,999,0,157,0
823,echo,3,-1773,1588,126,0,-385,-735,-60,999,0,164,0
824,echo,4,-1008,-83,1,0,-1111,1628,-74,999,0,150,0
826,frozenshadow,2,0,0,0,0,250,20,355,999,0,111,0
827,frozenshadow,3,0,0,0,0,100,660,40,999,0,111,0
828,frozenshadow,4,0,0,0,0,477,166,5,999,0,111,0
829,frozenshadow,5,0,0,0,0,750,670,75,999,0,111,0
830,frozenshadow,6,0,0,0,0,250,20,355,999,0,111,0
831,frozenshadow,7,0,0,0,0,660,615,23,999,0,111,0
832,frozenshadow,8,0,0,0,0,250,20,355,999,0,111,0
833,frozenshadow,9,0,0,0,0,755,170,175,999,0,111,0
834,frozenshadow,10,0,0,0,0,250,20,355,999,0,111,0
835,frozenshadow,11,0,0,0,0,160,-150,217,999,0,111,0
836,frozenshadow,12,0,0,0,0,1160,175,190,999,0,111,0
837,frozenshadow,13,0,0,0,0,725,-320,12,999,0,111,0
838,frozenshadow,14,0,0,0,0,250,20,355,999,0,111,0
839,frozenshadow,15,0,0,0,0,610,-100,220,999,0,111,0
840,frozenshadow,16,0,0,0,0,250,20,355,999,0,111,0
841,frozenshadow,17,0,0,0,0,175,-490,2,999,0,111,0
842,frozenshadow,18,0,0,0,0,65,10,310,999,0,111,0
843,frozenshadow,19,0,0,0,0,100,200,0,999,0,111,0
844,frozenshadow,20,0,0,0,0,1786,2739,113,999,0,110,0
845,fungusgrove,1,-2326,-1138,-308,0,1145,1025,-124,999,0,153,0
846,fungusgrove,3,1957,2351,18,0,-1257,373,156,0,0,170,0
847,griegsend,1,-83,925,-80,0,2262,-504,10,999,0,175,0
848,griegsend,2,-11,3515,-4,0,-1947.7,-881,103.3,255.8,0,174,0
849,griegsend,3,188,2388,-54.87,0,166,2400,112,999,0,163,0
850,griegsend,4,166,2382,115,0,191,2390,-54,0,0,163,0
851,guktop,1,1632,353,-87,0,1667,-136,-98,0,0,66,0
852,guktop,2,1535,-71,-98,0,1498,-13,-94,0,0,66,0
853,guktop,4,1134,608,-81,0,1127,650,-85,999,0,66,0
854,guktop,5,1196,-192,-78,0,1196,-212,-78,0,0,66,0
855,guktop,6,-63.68,41.72,3.13,0,172.2,-811.6,-7,65.1,0,46,0
857,gukbottom,1,1667,-136,-98,0,1630,359,-88,0,0,65,0
858,gukbottom,2,1498,-13,-94,0,1527,-59,-94,0,0,65,0
860,gukbottom,4,1127,650.56,-88,0,1134,608,-81,999,0,65,0
861,gukbottom,5,1196,-212,-81,0,1196,-192,-78,0,0,65,0
862,gukbottom,3,0,0,0,0,170,-818,-9,0,0,46,0
863,hatesfury,1,142.74,-1025.89,-0.5,0,-1705,1490,-100,0,0,227,0
864,hatesfury,2,0,0,0,0,1120,-92,-600,380,0,228,0
865,hatesfury,3,0,0,0,0,958,1475,-568,0,0,228,0
866,hatesfury,4,0,0,0,0,88,-929,0,0,0,228,0
867,hatesfury,5,0,0,0,0,-220,-20,65,256,0,228,0
868,hatesfury,6,0,0,0,0,-48,-1066,-284,380,0,228,0
869,hatesfury,7,0,0,0,0,-290,-1360,74,128,0,228,0
879,kael,1,-125,3194,-396,0,-561,-5043,-195,999,0,119,0
880,kael,2,-14.06,-654.08,123.06,0,-6248,7020,-299,999,0,116,0
888,mistmoore,1,0,0,0,0,-1115,3359,4,999,0,57,0
889,najena,1,0,0,0,0,473,-1740,-103.73,999,0,27,0
890,necropolis,66,-60,1976,2,0,-2867,508,-196,386,0,120,0
891,netherbian,1,0,0,0,0,418,16,-29,383,0,152,0
892,netherbian,2,0,0,0,0,-609,-415,-4,162,0,161,0
893,netherbian,3,0,0,0,0,600,-1835,-21,126,0,168,0
894,netherbian,4,0,0,0,0,473,-1838,-21,127,0,168,0
895,netherbian,5,0,0,0,0,2074,-113,87,380,0,174,0
896,netherbian,6,0,0,0,0,2080,-245,87,114,0,174,0
902,paludal,1,0,0,0,0,2414,-467,-381,265,0,165,0
903,paludal,2,0,0,0,0,-1069,328,-28,0,0,150,0
904,paludal,3,0,0,0,0,-1635,3030,-124,385,0,166,0
905,permafrost,1,0,0,0,0,2022,-7073,-55,999,0,30,0
908,sirens,1,0,0,0,0,1583,1626,68,265,0,117,0
909,sirens,2,0,0,0,0,-5156,-3850,-248,64,0,120,0
910,soldunga,1,0,0,0,0,1418,1094,-79,999,0,27,0
911,soldunga,2,-303,-507,25,0,-273,-506,25,999,0,32,0
912,soldunga,3,-1080,-541,-0.9,0,-1081,-518,-0.9,999,0,32,0
913,soldunga,4,0,0,0,0,999999,-448,999999,999,0,32,0
914,soldunga,5,-361,-384,13,0,-364,-413,11,999,0,32,0
915,soldunga,6,0,0,0,0,999999,-404,999999,999,0,32,0
916,soldunga,7,0,0,0,0,-278,999999,999999,999,0,32,0
917,soldunga,8,-165,-551,26,0,-166,-582,17,999,0,32,0
918,soldunga,9,0,0,0,0,-458,340,-67,0,0,278,0
919,soldunga,10,0,0,0,0,999999,-448,999999,999,0,32,0
920,soldunga,11,0,0,0,0,-371,999999,999999,999,0,32,0
921,soldunga,12,0,0,0,0,-907,-381,10,128,0,31,0
922,skyshrine,1,0,0,0,0,745,-155,258,125,0,114,0
923,skyshrine,2,0,0,0,0,1450,-290,195,0,0,114,0
924,skyshrine,3,0,0,0,0,2260,-1280,195,0,0,114,0
925,skyshrine,4,0,0,0,0,2980,-920,195,250,0,114,0
926,skyshrine,5,0,0,0,0,2980,-110,195,250,0,114,0
927,skyshrine,6,0,0,0,0,1720,-1280,195,250,0,114,0
928,skyshrine,7,0,0,0,0,1450,-1110,195,125,0,114,0
929,skyshrine,8,0,0,0,0,2980,-1730,195,125,0,114,0
930,skyshrine,9,0,0,0,0,2980,-920,375,125,0,114,0
931,skyshrine,10,0,0,0,0,1540,-560,375,250,0,114,0
932,skyshrine,11,0,0,0,0,1720,-1280,375,250,0,114,0
933,skyshrine,12,0,0,0,0,2710,-470,375,125,0,114,0
934,skyshrine,13,0,0,0,0,1450,-1110,375,0,0,114,0
935,skyshrine,14,0,0,0,0,2350,-650,375,250,0,114,0
936,skyshrine,15,0,0,0,0,1720,-1110,375,0,0,114,0
937,skyshrine,16,0,0,0,0,1590,-1080,15,0,0,114,0
938,skyshrine,17,0,0,0,0,2980,-1460,375,250,0,114,0
939,skyshrine,18,0,0,0,0,1990,-2000,195,385,0,114,0
940,skyshrine,19,0,0,0,0,1450,-200,375,0,0,114,0
941,skyshrine,20,0,0,0,0,1630,-1730,195,250,0,114,0
942,skyshrine,21,0,0,0,0,2080,-1110,195,0,0,114,0
943,skyshrine,22,0,0,0,0,1630,-740,195,0,0,114,0
944,skyshrine,23,0,0,0,0,-60,660,0,999,0,114,0
945,skyshrine,24,0,0,0,0,1213,1201,3.75,0,0,114,0
946,skyshrine,30,-249,-793,3,0,1543,4766,-60,999,0,119,0
947,skyshrine,40,0,0,0,0,-942,894,315,5,0,117,0
948,skyshrine,41,0,0,0,0,425,-326,43.72,999,0,114,0
949,skyshrine,42,0,0,0,0,-60,660,3.75,385,0,114,0
950,skyshrine,43,0,0,0,0,425,-326,43.72,999,0,113,0
951,skyshrine,44,0,0,0,0,425,-326,43.72,999,0,114,0
952,skyshrine,45,0,0,0,0,-60,660,3.75,0,0,114,0
953,skyshrine,46,0,0,0,0,1231,1198,3.75,999,0,114,0
954,skyshrine,50,0,0,0,0,663,-157,333,254,0,114,0
968,soldungc,1,0,0,0,0,-996,-475,-23,175,0,32,0
969,soldungc,2,0,0,0,0,-986,-566,2,425,0,31,0
970,paw,1,0,0,0,0,-3143,931,-11,999,0,14,0
971,unrest,1,0,0,0,0,-2032,-626,91,999,0,70,0
972,velketor,1,0,0,0,0,-6759,3332,-36,395,0,118,0
977,qeynos2,7,-151,-5,1.5,0,464,-442,1.5,999,0,1,0
978,qeynos2,8,-26,356,1.5,0,586,-80,1.5,999,0,1,0
979,nedaria,1,-1737,-117,255,0,-518,3887,-7,256,0,181,0
980,chardokb,1,0,0,0,0,-177,73,-298,145,0,103,0
981,chardokb,2,0,0,0,0,-177,73,-298,145,0,103,0
982,chardokb,3,0,0,0,0,-177,73,-298,145,0,103,0
983,bothunder,2,0,0,0,0,-1115,165,1565,256,0,209,-1115
984,bothunder,3,0,0,0,0,-1200,-50,2265,128,0,209,-1200
985,bothunder,4,0,0,0,0,10,80,-635,128,0,209,10
986,bothunder,5,0,0,0,0,-985,-900,1775,128,0,209,-985
987,bothunder,6,0,0,0,0,-1075,-800,2120,128,0,209,-1075
988,bothunder,7,0,0,0,0,10,80,-635,128,0,209,10
989,bothunder,8,0,0,0,0,10,80,-635,0,0,209,10
990,bothunder,9,0,0,0,0,10,80,-635,128,0,209,10
991,bothunder,10,0,0,0,0,0,0,-1550,256,0,209,0
992,bothunder,11,0,0,0,0,40,45,1090,0,0,209,40
993,bothunder,12,0,0,0,0,10,80,-635,0,0,209,10
994,bothunder,13,0,0,0,0,285,490,1460,384,0,209,285
995,bothunder,14,0,0,0,0,10,80,-635,128,0,209,10
996,bothunder,15,0,0,0,0,0,0,-1550,128,0,209,0
997,bothunder,16,0,0,0,0,0,0,-1550,128,0,209,0
998,bothunder,17,0,0,0,0,0,0,-1550,0,0,209,0
999,bothunder,18,0,0,0,0,265,-100,-1490,384,0,209,265
1000,bothunder,19,0,0,0,0,315,-55,-1490,0,0,209,315
1001,bothunder,20,0,0,0,0,410,220,-1420,128,0,209,410
1002,bothunder,21,0,0,0,0,230,15,-1555,256,0,209,230
1003,bothunder,22,0,0,0,0,525,265,-1420,128,0,209,525
1004,bothunder,23,0,0,0,0,230,15,-1555,256,0,209,230
1005,bothunder,24,0,0,0,0,10,80,-635,128,0,209,10
1006,bothunder,25,0,0,0,0,10,80,-635,128,0,209,10
1007,bothunder,26,0,0,0,0,10,80,-635,128,0,209,10
1008,bothunder,27,0,0,0,0,10,80,-635,128,0,209,10
1009,bothunder,28,0,0,0,0,0,0,-1550,128,0,209,0
1010,bothunder,29,0,0,0,0,465,-175,-1420,128,0,209,465
1011,bothunder,30,0,0,0,0,465,-260,-1490,0,0,209,465
1012,bothunder,31,0,0,0,0,-1765,-715,1730,384,0,209,-1765
1013,bothunder,32,0,0,0,0,-1725,-1125,2255,128,0,209,-1725
1014,bothunder,33,0,0,0,0,10,80,-635,128,0,209,10
1015,bothunder,34,0,0,0,0,-1220,150,1120,128,0,209,-1220
1016,bothunder,35,0,0,0,0,-865,-830,1375,128,0,209,-865
1017,bothunder,36,0,0,0,0,-2200,-350,1955,256,0,209,-2200
1018,bothunder,37,0,0,0,0,145,85,635,128,0,209,145
1019,bothunder,38,0,0,0,0,-1735,-765,1270,384,0,209,-1735
1020,bothunder,39,0,0,0,0,-1787,-880,1727,384,0,209,-1787
1021,bothunder,40,0,0,0,0,-2,169,-643,256,0,209,-2
1022,bothunder,41,0,0,0,0,-1738,-663,2251,384,0,209,-1738
1023,bothunder,42,0,0,0,0,-720,1740,-931,348,0,203,-720
1024,povalor,1,0,0,0,0,2172,352,33,0,0,208,0
1025,povalor,5,0,0,0,0,-181,-50,-616,153,0,203,0
1026,povalor,77,0,0,0,0,0,-2755,0,128,0,211,0
1027,codecay,1,0,0,0,0,-1140,1925,-877,185,0,203,0
1028,codecay,2,0,0,0,0,0,-16,-290,256,0,200,0
1029,hohonora,1,0,0,0,0,960,-1,397,128,0,220,0
1030,hohonora,2,0,0,0,0,-8,-192,-628,403,0,203,0
1031,hohonorb,1,0,0,0,0,2,104,4,384,0,211,0
1032,poair,1,0,0,0,0,-5,-617,1450,128,0,215,0
1033,poair,2,0,0,0,0,701,-1507,-877,48,0,203,0
1034,poair,10,0,0,0,0,788,-689,-613,505,0,203,0
1035,podisease,1,0,0,0,0,-170,-65,-93,128,0,200,0
1036,podisease,2,0,0,0,0,1790,-1451,-770,256,0,203,0
1037,poearthb,1,0,0,0,0,201,-1153,71,130,0,218,0
1038,poearthb,2,0,0,0,0,701,-1507,-877,48,0,203,0
1039,poeartha,1,0,0,0,0,328,-762,-56,133,0,222,0
1040,poeartha,2,0,0,0,0,333,-764,-59,132,0,222,0
1041,poeartha,3,0,0,0,0,701,-1507,-877,48,0,203,0
1042,poeartha,10,0,0,0,0,-1337,2167,-715,388,0,203,0
1043,poinnovation,1,0,0,0,0,245,-1549,-919,380,0,203,0
1044,poinnovation,5,0,0,0,0,281,-239,2,129,0,206,0
1045,poinnovation,6,0,0,0,0,1,-473,2,260,0,206,0
1046,poinnovation,7,0,0,0,0,-231,-241,2,381,0,206,0
1047,poinnovation,50,0,0,0,0,-274,-760,3,0,0,206,0
1048,poinnovation,60,0,0,0,0,-274,-760,-168,0,0,206,0
1049,poinnovation,70,0,0,0,0,223,140,9,350,0,219,0
1050,poinnovation,71,0,0,0,0,291,-860,-1856,125,0,206,0
1051,pojustice,1,0,0,0,0,276,-398,-25.62,0,0,201,0
1052,pojustice,2,0,0,0,0,275,-436,-25.62,254,0,201,0
1053,pojustice,3,0,0,0,0,361,-400,-25.62,0,0,201,0
1054,pojustice,4,0,0,0,0,360,-436,-25.62,254,0,201,0
1055,pojustice,5,0,0,0,0,444,-400,-25.62,0,0,201,0
1056,pojustice,6,0,0,0,0,445,-436,-25.62,254,0,201,0
1057,pojustice,7,0,0,0,0,531,-405,-25.62,0,0,201,0
1058,pojustice,8,0,0,0,0,530,-438,-25.62,254,0,201,0
1059,pojustice,9,0,0,0,0,614,-400,-25.62,0,0,201,0
1060,pojustice,10,0,0,0,0,613,-434,-25.62,254,0,201,0
1061,pojustice,11,0,0,0,0,715,-471,-25.62,110,0,201,0
1062,pojustice,12,0,0,0,0,680,-471,-22.5,376,0,201,0
1063,pojustice,13,0,0,0,0,615,-535,-25.62,254,0,201,0
1064,pojustice,14,0,0,0,0,616,-506,-25.62,0,0,201,0
1065,pojustice,15,0,0,0,0,445,-539,-25.62,254,0,201,0
1066,pojustice,16,0,0,0,0,445,-500,-25.62,502,0,201,0
1067,pojustice,17,0,0,0,0,275,-539,-25.62,254,0,201,0
1068,pojustice,18,0,0,0,0,275,-501,-25.62,0,0,201,0
1069,pojustice,19,0,0,0,0,470,862,9,252,0,201,0
1070,pojustice,20,0,0,0,0,473,685,9,511,0,201,0
1071,pojustice,21,0,0,0,0,-150,-1190,75,0,0,201,0
1072,pojustice,22,0,0,0,0,195,-1050,75,256,0,201,0
1073,pojustice,23,0,0,0,0,490,-1050,75,256,0,201,0
1074,pojustice,24,0,0,0,0,726,-1119,89,128,0,201,0
1075,pojustice,25,0,0,0,0,1340,-1120,2,128,0,201,0
1076,pojustice,26,0,0,0,0,880,-660,56,256,0,201,0
1077,pojustice,27,0,0,0,0,141,472,-47,128,0,201,0
1078,pojustice,28,0,0,0,0,76,1310,9,256,0,201,0
1079,pojustice,29,0,0,0,0,-587,-30,-519,455,0,203,0
1080,postorms,1,0,0,0,0,178,207,-1620,256,0,209,0
1081,postorms,2,0,0,0,0,-1087,6040,-485,198,0,210,0
1082,postorms,3,0,0,0,0,1562,2088,-451,348,0,210,0
1083,postorms,4,0,0,0,0,1097,-682,-929,412,0,203,0
1084,potorment,2,0,0,0,0,1711,-257,-484,62,0,207,0
1085,potorment,13,1736,-258.7,-480.2,251.5,686,-1647,-911,504,0,203,0
1086,potranquility,1,0,0,0,0,223,140,1450,128,0,215,0
1087,potranquility,3,0,0,0,0,-66,230,-1,45,0,43,0
1088,potranquility,5,0,0,0,0,-227,-1555,-1,244,0,54,0
1089,potranquility,17,0,0,0,0,-1245,-1750,-59,20,0,205,0
1090,potranquility,18,0,0,0,0,-341,1706,-9,248,0,47,0
1091,potranquility,19,0,0,0,0,-170,-65,-51,128,0,93,0
1092,potranquility,21,0,0,0,0,-210,10,6,0,0,187,0
1093,potranquility,22,0,0,0,0,190,-1668,54,256,0,224,0
1094,potranquility,23,0,0,0,0,-2755,0,0,128,0,211,0
1095,potranquility,24,0,0,0,0,-1795,-2059,-473,0,0,210,0
1096,potranquility,25,0,0,0,0,178,207,-1620,0,0,209,0
1097,potranquility,26,0,0,0,0,-1,-2915,-766,0,0,212,0
1098,potranquility,27,0,0,0,0,0,-1225,4,105,0,216,0
1099,potranquility,28,0,0,0,0,532,884,-90,0,0,215,0
1100,potranquility,29,0,0,0,0,-1387,1210,-180,251,0,217,0
1101,potranquility,30,0,0,0,0,-1150,200,71,0,0,218,0
1102,potranquility,37,0,0,0,0,263,516,-53,187,0,206,0
1103,potranquility,47,0,0,0,0,58,-61,5,127,0,201,0
1104,potranquility,57,0,0,0,0,1668,282,212,5,0,204,0
1105,potranquility,77,0,0,0,0,-285,-148,0,128,0,211,0
1106,powater,1,0,0,0,0,-1200,1030,-778,439,0,203,0
1107,solrotower,1,0,0,0,0,1210,-1387,-180,251,0,217,0
1108,solrotower,15,0,0,0,0,-601,1296,-381,507,0,212,0
1109,solrotower,16,0,0,0,0,299,413,2,126,0,212,0
1110,solrotower,17,0,0,0,0,-2537,-1608,-1342,509,0,212,0
1111,solrotower,18,0,0,0,0,1440,1104,-550,5,0,212,0
1112,solrotower,19,0,0,0,0,1079,-1243,-958,125,0,212,0
1113,solrotower,20,0,0,0,0,-2480,1932,289,0,0,212,0
1114,solrotower,21,0,0,0,0,300,-397,2,379,0,212,0
1115,solrotower,22,0,0,0,0,-606,-1295,-381,508,0,212,0
1116,solrotower,23,0,0,0,0,673,184,-381,384,0,212,0
1117,solrotower,24,0,0,0,0,258,1582,577,112,0,212,0
1118,solrotower,25,0,0,0,0,258,1582,577,112,0,212,0
1119,solrotower,26,0,0,0,0,-847,0,244,251,0,212,0
1120,potactics,1,0,0,0,0,-1,-1,-1,-1,0,214,0
1121,potactics,2,0,0,0,0,182,279,3,258,0,214,0
1122,potactics,3,0,0,0,0,-191,-4,-628,149,0,203,0
1123,potactics,5,0,0,0,0,-221,710,-106,479,0,214,0
1124,potactics,6,0,0,0,0,652,192,-20,0,0,75,0
1125,potactics,7,0,0,0,0,-958,1447,-285,448,0,214,0
1126,potactics,8,0,0,0,0,2168,1378,-328,10,0,214,0
1127,potactics,9,0,0,0,0,1894,900,-405,436,0,214,0
1128,potactics,10,0,0,0,0,804,407,205,378,0,72,0
1129,potactics,11,0,0,0,0,-247,762,411,461,0,71,0
1130,potactics,12,0,0,0,0,389,267,5,53,0,76,0
1131,potactics,13,0,0,0,0,-21,137,-288,133,0,64,0
1132,ponightmare,1,0,0,0,0,-1225,-189,-902,377,0,203,0
1133,ponightmare,10,0,0,0,0,-4466,5642,4,126,0,204,0
1134,ponightmare,11,0,0,0,0,-4466,4642,4,126,0,204,0
1135,ponightmare,12,0,0,0,0,-4466,3642,4,126,0,204,0
1136,ponightmare,13,0,0,0,0,-1939,-2114,168,125,0,204,0
1137,ponightmare,14,0,0,0,0,-883,-3113,168,126,0,204,0
1138,ponightmare,15,0,0,0,0,164,-2114,168,126,0,204,0
1139,ponightmare,16,0,0,0,0,1213,1103,279,366,0,204,0
1140,ponightmare,17,0,0,0,0,-1246,-182,-902,378,0,203,0
1141,ponightmare,77,0,0,0,0,1597,23,-324,125,0,221,0
1142,kedge,1,0,0,0,0,-1182,-1009,-334,999,0,70,0
1145,highpass,1,844.8,105.4,4.1,0,-3097,-8338,690,999,0,15,0
1146,highpass,2,-981,92,431,0,557,4892,691,999,0,20,0
1147,soldungb,1,0,0,0,0,2367.86,186.99,13.84,64,0,27,0
1148,soldungb,2,0,0,0,0,999999,-495,999999,999,0,31,0
1149,soldungb,3,0,0,0,0,999999,-538,999999,999,0,31,0
1150,soldungb,4,0,0,0,0,999999,-454,999999,999,0,31,0
1151,soldungb,5,0,0,0,0,-361,999999,999999,999,0,31,0
1152,soldungb,6,0,0,0,0,999999,-398,999999,999,0,31,0
1153,soldungb,7,0,0,0,0,-284,999999,999999,999,0,31,0
1154,soldungb,8,0,0,0,0,999999,-570,21,999,0,31,0
1155,soldungb,9,0,0,0,0,780,-712,-49,256,0,278,0
1156,soldungb,10,0,0,0,0,999999,-454,999999,999,0,31,0
1157,soldungb,11,0,0,0,0,-361,999999,999999,999,0,31,0
1158,runnyeye,1,0,0,0,0,903,-1844,4,999,0,16,0
1159,runnyeye,2,0,0,0,0,-830,1431,-9,999,0,33,0
1160,erudnext,1,0,0,0,0,-1410.7,-184.5,38,231.6,0,24,0
1161,erudnext,2,0,0,0,0,-1410.7,-310.3,-42,128,0,24,0
1162,erudnext,3,0,0,0,0,2550,296,-48,999,0,38,0
1163,airplane,1,0,0,0,0,-387,415,132,0,0,37,0
1164,airplane,3,0,0,0,0,516,1108,-8,999,0,71,0
1165,airplane,4,0,0,0,0,-103,-434,-359,999,0,71,0
1166,airplane,5,0,0,0,0,564,320,-55,0,0,71,0
1167,airplane,6,0,0,0,0,1185,-781,130,999,0,71,0
1168,airplane,7,0,0,0,0,-884,1089,412,999,0,71,0
1169,airplane,8,0,0,0,0,-750,306,772,999,0,71,0
1170,airplane,9,0,0,0,0,-984,-471,1013,999,0,71,0
1171,airplane,10,0,0,0,0,-262,-1294,1221,999,0,71,0
1172,airplane,11,0,0,0,0,-25,-1570,20,999,0,10,0
1173,airplane,12,0,0,0,0,1463,574,-765,250,0,71,0
1174,cazicthule,1,55,-69,1,129,-1451.9,-60.6,49.8,254.9,0,47,0
1175,burningwood,1,0,0,0,0,3380,999999,999999,999,0,86,0
1176,burningwood,2,0,0,0,0,-5708,999999,999999,999,0,91,0
1177,burningwood,3,0,0,0,0,-2321,4300,-450,999,0,92,0
1178,burningwood,4,0,0,0,0,-100,930,105,384,0,103,0
1179,cabeast,1,0,0,0,0,-2555,3680,8,306,0,78,0
1180,cabeast,2,0,0,0,0,-2735,3532,8,47,0,78,0
1181,cabeast,3,0,0,0,0,3119,3056,2,193,0,83,0
1182,cabeast,4,0,0,0,0,2972,3230,2,446,0,83,0
1183,cabeast,9,0,0,0,0,1007,-189,48,260,0,106,0
1184,cabeast,10,0,0,0,0,1028,-188,23,257,0,106,0
1185,cabeast,80,0,0,0,0,999999,300,999999,999,0,82,0
1186,cabeast,81,0,0,0,0,999999,300,999999,999,0,82,0
1187,cabwest,5,0,0,0,0,6330,-6777,37,999,0,85,0
1188,cabwest,6,0,0,0,0,6504,-6628,37,999,0,85,0
1189,cabwest,7,0,0,0,0,-2404,-930,271,999,0,79,0
1190,cabwest,8,0,0,0,0,-2254,-1107,271,999,0,79,0
1191,cabwest,81,0,0,0,0,999999,270,999999,999,0,106,0
1192,charasis,1,0,0,0,0,0,0,-2,999,0,105,0
1193,charasis,2,0,0,0,0,0,0,-2,999,0,105,0
1194,charasis,3,0,0,0,0,0,0,-2,999,0,105,0
1195,charasis,4,0,0,0,0,-92,796,-502,999,0,93,0
1196,charasis,5,0,0,0,0,-92,796,-502,999,0,93,0
1197,chardok,1,0,0,0,0,7313,-4149,-234,0,0,87,0
1198,chardok,2,0,0,0,0,290,-190,7,256,0,277,0
1199,citymist,1,0,0,0,0,326,-1865,-327,384,0,94,0
1200,citymist,2,0,0,0,0,272,-1865,-327,384,0,94,0
1201,dalnir,1,0,0,0,0,2568,4548,-238,60,0,79,0
1202,dalnir,2,0,0,0,0,2568,4548,-238,60,0,79,0
1203,dalnir,99,0,0,0,0,2568,4548,-238,60,0,79,0
1204,dreadlands,0,0,0,0,0,0,0,-32,128,0,152,0
1205,dreadlands,1,0,0,0,0,299,6010,-76,999,0,84,0
1206,dreadlands,2,0,0,0,0,-5047,-792,201,999,0,87,0
1207,dreadlands,3,0,0,0,0,-3801,-3234,-340,999,0,92,0
1208,dreadlands,4,0,0,0,0,-82,389,0,999,0,102,0
1209,dreadlands,5,0,0,0,0,115,389,0,999,0,102,0
1210,dreadlands,6,0,0,0,0,0,0,-25,0,0,152,0
1211,droga,1,0,0,0,0,3279,2966,350,999,0,92,0
1212,droga,5,0,0,0,0,-1032,105,-106,999,0,107,0
1213,droga,6,0,0,0,0,-840,-920,-172,999,0,107,0
1214,emeraldjungle,1,0,0,0,0,999999,-1210,999999,999,0,78,0
1215,emeraldjungle,2,0,0,0,0,-26,-886,5,64,0,90,0
1216,emeraldjungle,3,0,0,0,0,26,-886,5,64,0,90,0
1217,emeraldjungle,4,0,0,0,0,3975,999999,999999,128,0,95,0
1218,fearplane,1,0,0,0,0,-2288,2605,1,999,0,47,0
1219,fieldofbone,1,0,0,0,0,1160,-618,8,999,0,106,0
1220,fieldofbone,2,0,0,0,0,1362,-417,8,999,0,106,0
1221,fieldofbone,3,0,0,0,0,370,40,102,128,0,88,0
1222,fieldofbone,4,0,0,0,0,-280,63,0,999,0,97,0
1223,fieldofbone,5,0,0,0,0,-280,-63,0,999,0,97,0
1224,fieldofbone,6,0,0,0,0,999999,-3933,999999,999,0,79,0
1225,fieldofbone,7,0,0,0,0,5566,999999,999999,999,0,83,0
1226,fieldofbone,8,0,0,0,0,999999,5330,999999,999,0,94,0
1227,fieldofbone,77,0,0,0,0,-655,36,-157,1,0,202,0
1228,firiona,1,0,0,0,0,291,-6102,140,999,0,86,0
1229,firiona,2,0,0,0,0,-4391,999999,999999,999,0,83,0
1230,firiona,3,0,0,0,0,-4490,999999,999999,999,0,83,0
1231,firiona,4,0,0,0,0,1293,-4410,216,999,0,85,0
1232,firiona,77,0,0,0,0,-363,-279,-157,383,0,202,0
1233,frontiermtns,1,0,0,0,0,-410,3345,115,384,0,85,0
1234,frontiermtns,2,0,0,0,0,2341,-3474,140,999,0,86,0
1235,frontiermtns,3,0,0,0,0,-2804,-4625,-17,999,0,87,0
1236,frontiermtns,4,0,0,0,0,-2227,-1799,4,999,0,107,0
1237,frontiermtns,5,0,0,0,0,1412,376,4,999,0,81,0
1238,frontiermtns,7,0,0,0,0,-6050,999999,999999,999,0,93,0
1239,hole,1,616.51,-940.3,-95.78,0,580.63,-946.63,-95.78,64,0,75,0
1240,hole,3,0,0,0,0,482,231,43,384,0,75,0
1241,hole,4,0,0,0,0,512,-811,-24,256,0,42,0
1242,hole,5,0,0,0,0,630,885,-29,384,0,23,0
1243,jaggedpine,1,0,0,0,0,66,-511,42,256,0,3,0
1244,jaggedpine,2,0,0,0,0,-122,-1739,256,128,0,182,0
1245,jaggedpine,3,0,0,0,0,155,155,-155,255,0,17,0
1246,kaesora,1,0,0,0,0,-1893,-162,-128,0,0,78,0
1247,karnor,1,0,0,0,0,702,-1948,30,999,0,86,0
1248,karnor,2,0,0,0,0,496,-1948,30,999,0,86,0
1249,kurn,1,0,0,0,0,459,1022,70,192,0,78,0
1250,kurn,2,0,0,0,0,459,969,70,999,0,78,0
1251,kurn,3,0,0,0,0,405,997,66,504,0,78,0
1252,lakeofillomen,1,0,0,0,0,-406,-4620,115,64,0,92,0
1253,lakeofillomen,2,0,0,0,0,-637,0,-26,0,0,109,0
1254,lakeofillomen,3,0,0,0,0,-637,0,-26,0,0,109,0
1255,lakeofillomen,4,0,0,0,0,1291,3516,210,999,0,84,0
1256,lakeofillomen,5,0,0,0,0,-3649,1190,999999,999,0,79,0
1257,lakeofillomen,6,0,0,0,0,-783,767,8,382,0,82,0
1258,lakeofillomen,7,0,0,0,0,-987,566,8,4,0,82,0
1259,nurga,2,0,0,0,0,-2686,-538,-490,999,0,92,0
1260,nurga,5,0,0,0,0,-1396,264,-185,999,0,81,0
1261,nurga,6,0,0,0,0,-1320,-920,-76,999,0,81,0
1262,overthere,1,0,0,0,0,-241,4070,246,192,0,79,0
1263,overthere,2,0,0,0,0,5970,1423,370,128,0,92,0
1264,overthere,3,0,0,0,0,-1089,-4327,44,999,0,91,0
1265,overthere,4,0,0,0,0,-1199,-4327,44,999,0,91,0
1266,overthere,5,0,0,0,0,0,0,-2,999,0,105,0
1267,overthere,77,0,0,0,0,-840,884,-157,254,0,202,0
1268,paineel,1,0,0,0,0,-2607,-429,-42,40,0,38,0
1269,paineel,2,591.69,-946.58,-95.78,0,628,-940,-94,483,0,39,0
1270,paineel,3,0,0,0,0,748,-914,-34,388,0,101,0
1271,paineel,4,725,999999,999999,0,626,292,-197,399,0,39,0
1272,paineel,5,0,0,0,0,725,999999,999999,999,0,75,0
1273,paineel,10,0,0,0,0,959,551,-79,128,0,75,0
1274,paineel,11,0,0,0,0,906,525,-121,256,0,75,0
1275,paineel,12,0,0,0,0,1065,658,-40,256,0,75,0
1276,paineel,13,0,0,0,0,464,217,41,0,0,75,0
1277,paineel,14,0,0,0,0,886,755,-77,0,0,75,0
1278,paineel,15,0,0,0,0,1065,658,-40,0,0,75,0
1279,sebilis,1,0,0,0,0,-1637,-4759,-475,256,0,95,0
1280,sebilis,2,0,0,0,0,-1637,-4759,-475,256,0,95,0
1281,skyfire,1,0,0,0,0,5275,999999,999999,999,0,87,0
1282,skyfire,2,0,0,0,0,-1100,4216,104,999,0,93,0
1283,skyfire,3,0,0,0,0,-988,4216,104,999,0,93,0
1284,skyfire,5,0,0,0,0,40,1680,32,999,0,108,0
1285,stonebrunt,1,0,0,0,0,-88,1146,-107,511,0,101,0
1286,stonebrunt,5,0,0,0,0,1460,-940,16,128,0,224,0
1287,swampofnohope,2,0,0,0,0,4990,999999,999999,999,0,84,0
1288,swampofnohope,3,0,0,0,0,4935,999999,999999,999,0,84,0
1289,swampofnohope,4,0,0,0,0,1555,4455,-271,0,0,95,0
1290,swampofnohope,5,0,0,0,0,-281,-460,8,999,0,106,0
1291,swampofnohope,6,0,0,0,0,-78,-656,8,999,0,106,0
1292,swampofnohope,7,0,0,0,0,-3365,999999,999999,999,0,78,0
1293,timorous,1,0,0,0,0,-783,767,8,999,0,82,0
1294,timorous,2,0,0,0,0,-14,-950,-52,999,0,10,0
1295,timorous,3,0,0,0,0,0,0,3,999,0,29,0
1296,timorous,4,0,0,0,0,-25,94,3,999,0,61,0
1297,timorous,5,0,0,0,0,-20,10,0,999,0,54,0
1298,timorous,6,0,0,0,0,3,-500,-10,999,0,41,0
1299,timorous,7,0,0,0,0,0,0,20,999,0,24,0
1300,timorous,8,0,0,0,0,-345,-99,4,999,0,49,0
1301,timorous,9,0,0,0,0,-100,0,3,999,0,52,0
1302,timorous,10,0,0,0,0,0,0,4,999,0,19,0
1303,timorous,11,0,0,0,0,47,-35,4,999,0,55,0
1304,timorous,12,0,0,0,0,-18,-2,3,999,0,60,0
1305,trakanon,1,0,0,0,0,1735,-4542,90,256,0,83,0
1306,trakanon,2,0,0,0,0,-3425,999999,999999,0,0,94,0
1307,trakanon,3,0,0,0,0,248,-1,41,257,0,89,0
1308,veeshan,1,0,0,0,0,1379,684,-647,999,0,71,0
1309,veeshan,2,0,0,0,0,-169,-944,-64,384,0,10,0
1310,veeshan,3,0,0,0,0,-3095,785,-158,999,0,91,0
1311,veeshan,4,0,0,0,0,661,-3978,198,999,0,83,0
1312,veksar,1,0,0,0,0,-418,-59,-190,128,0,85,0
1313,veksar,2,0,0,0,0,-340,-59,-190,128,0,85,0
1314,warrens,2,0,0,0,0,-3735,2920,-36,128,0,100,0
1315,warrens,3,0,0,0,0,712,-876,-33,107,0,75,0
1316,warslikswood,1,0,0,0,0,999999,4300,999999,999,0,78,0
1317,warslikswood,2,0,0,0,0,-241,-4390,248,64,0,93,0
1318,warslikswood,3,0,0,0,0,869,1126,8,999,0,82,0
1319,warslikswood,4,0,0,0,0,668,1327,8,999,0,82,0
1320,warslikswood,5,0,0,0,0,-6,95,4,999,0,104,0
1321,warslikswood,6,0,0,0,0,4334,1160,999999,999,0,85,0
1322,ssratemple,1,0,0,0,0,39,-70,-44,384,0,171,0
1323,ssratemple,2,0,0,0,0,-833,3055,-124,384,0,164,0
1324,ssratemple,7,0,0,0,0,-324,620,405,126,0,162,0
1325,ssratemple,78,0,0,0,0,-946,-374,-256,128,0,162,0
1326,twilight,4,-1274,375,158,0,1955,2333,19,384,0,157,0
1327,erudnext,4,0,0,0,999,712,807,22,192,0,23,0
1328,highpass,3,-91.5,-112.6,4.1,0,-16,88,4.1,192.2,0,6,0
1329,highpass,4,62.8,-112.6,4.1,0,-16,88,4.1,192.2,0,6,0
1330,akheva,1,-1447,179,21.5,0,-2235.5,85.5,-156.5,4.5,0,173,0
1331,akheva,2,-1455,-74,22.5,0,-2283.5,261.5,-156.5,202,0,173,0
1332,vexthal,1,0,0,0,0,-1451,-741,12,253,0,176,0
1333,gunthak,5,0,0,0,0,1203,-747,-157,128,0,202,0
1334,potranquility,2,0,0,0,0,-1507,701,-877,48,0,203,0
1335,potranquility,10,0,0,0,0,-689,788,-613,505,0,203,0
1336,potranquility,4,0,0,0,0,-31,2835,-62,453,0,30,0
1337,potranquility,6,0,0,0,0,-538,2327,-42,375,0,38,0
1338,potranquility,7,0,0,0,0,442,48,-29,388,0,152,0
1339,potranquility,8,0,0,0,0,-1811,-41,391,0,0,118,0
1340,potranquility,9,0,0,0,0,-2433,-2970,-215,236,0,165,0
1341,potranquility,11,0,0,0,0,-1463,774,-878,131,0,203,0
1342,potranquility,12,0,0,0,0,4673,-455,9,128,0,84,0
1343,potranquility,13,0,0,0,0,76,-658,-32,255,0,9,0
1344,potranquility,14,0,0,0,0,931,-1329,-109,248,0,56,0
1345,potranquility,15,0,0,0,0,1845,-2980,11,259,0,78,0
1346,potranquility,16,0,0,0,0,-40,-706,-25,216,0,46,0
1347,potranquility,20,0,0,0,0,272,-2347,-47,116,0,38,0
1348,pofire,1,0,0,0,0,-2100,255,-928,384,0,203,0
1349,potimea,3,0,0,0,0,865,-150,395,999,0,223,0
1350,potimea,5,0,0,0,0,-36,1352,496,128,0,223,0
1351,potimea,6,0,0,0,0,-51,857,496,128,0,223,0
1352,potimea,7,0,0,0,0,-35,1636,496,128,0,223,0
1353,potimea,8,0,0,0,0,-55,569,495,128,0,223,0
1354,potimea,9,0,0,0,0,-27,1103,496,128,0,223,0
1355,potimea,10,0,0,0,0,-1507,701,-877,48,0,203,0
1356,potimeb,3,0,0,0,0,-110,0,5,999,0,219,0
1357,potimeb,5,0,0,0,0,0,-401,348,128,0,223,0
1358,potimeb,6,0,0,0,0,0,-419,3,128,0,223,0
1359,potimeb,7,0,0,0,0,-1124,251,-1,348,0,223,0
1360,potimeb,10,0,0,0,0,701,-1507,-877,48,0,203,0
1361,potimeb,20,0,0,0,0,282,1668,212,5,0,204,0
1362,potimeb,21,0,0,0,0,1706,-341,-491,0,0,207,0
1363,potimeb,22,0,0,0,0,10,-210,-35,0,0,214,0
1364,potimeb,23,0,0,0,0,-1245,-1750,-59,0,0,205,0
1365,potimeb,24,0,0,0,0,-773,1029,108,1,0,72,0
1366,potimeb,25,0,0,0,0,656,-393,3,0,0,186,0
1367,abysmal,1,0,0,0,0,-1477,-302,-16,45,0,281,0
1368,barindu,1,0,0,0,0,599,-1845,111,128,0,284,0
1369,barindu,2,0,0,0,0,-295,-1471,2,128,0,282,0
1370,barindu,3,0,0,0,0,-97,-1471,2,128,0,282,0
1371,barindu,4,0,0,0,0,586,369,-15,351,0,281,0
1372,barindu,5,0,0,0,0,764,266,-15,351,0,281,0
1373,ferubi,1,0,0,0,0,-518,216,-118,506,0,283,0
1374,ferubi,2,0,0,0,0,-58,-202,-11,388,0,281,0
1375,ferubi,3,0,0,0,0,-700,-603,9,0,0,282,0
1376,kodtaz,1,0,0,0,0,1537,-959,-348,999,0,291,0
1377,kodtaz,2,0,0,0,0,1541,1122,-348,999,0,291,0
1378,kodtaz,3,0,0,0,0,767,-2515,-647,999,0,295,0
1379,qinimi,1,0,0,0,0,593,1496,111,384,0,284,0
1380,qinimi,2,0,0,0,0,2063,119,554,356,0,280,0
1381,qinimi,3,0,0,0,0,-833,584,3,421,0,282,0
1382,qinimi,4,0,0,0,0,-646,671,3,421,0,282,0
1383,qinimi,5,0,0,0,0,-1367,675,-124,382,0,283,0
1384,qinimi,6,0,0,0,0,-1543,699,-124,382,0,283,0
1385,qinimi,7,0,0,0,0,-1799,-477,76,259,0,281,0
1386,qinimi,8,0,0,0,0,-1077.76,-1838.87,-18.12,124.67,0,281,0
1387,qinimi,9,0,0,0,0,1640.41,-1827.61,-18.12,118.31,0,281,0
1388,qinimi,10,0,0,0,0,1640.29,-71.3,-18.12,124.32,0,281,0
1389,qinimi,11,0,0,0,0,-302,-1478,-17,45,0,281,0
1390,qvic,1,0,0,0,0,525,2648,-405,384,0,291,0
1391,qvic,2,0,0,0,0,-641,2671,-403,999,0,293,0
1392,qvic,3,0,0,0,0,0,-327,-418,128,0,297,0
1393,riwwi,1,0,0,0,0,1603,-76,111,256,0,284,0
1394,riwwi,2,0,0,0,0,235,1127,-122,345,0,283,0
1395,riwwi,3,0,0,0,0,429,1042,-122,345,0,283,0
1396,riwwi,4,0,0,0,0,-780,351,-16,423,0,281,0
1397,riwwi,5,0,0,0,0,-963,252,-16,423,0,281,0
1398,tipt,1,0,0,0,0,500,-1258,-119,240,0,283,0
1399,txevu,1,0,0,0,0,-158,210,-372,383,0,295,0
1400,vxed,1,0,0,0,0,456,-1258,-119,240,0,283,0
1401,anguish,10,0,0,0,0,1721,1353,124,360,0,300,0
1402,bloodfields,10,0,0,0,0,1217,-185,103,256,0,336,0
1403,bloodfields,20,0,0,0,0,-1967,-1153,-368,84,0,336,0
1404,bloodfields,30,0,0,0,0,1384,1983,433,256,0,302,0
1405,causeway,10,0,0,0,0,-618,2013,-256,256,0,302,0
1406,causeway,20,0,0,0,0,-1479,-2271,-69,30,0,300,0
1407,provinggrounds,10,0,0,0,0,1980,-1696,109,128,0,300,0
1408,provinggrounds,11,0,0,0,0,97,0,-236,0,0,334,0
1409,dranik,10,0,0,0,0,1961,1835,-861,397,0,301,0
1410,dranik,20,0,0,0,0,1892,-34,-857,197,0,301,0
1411,draniksscar,10,0,0,0,0,-1750,2138,-928,128,0,301,0
1412,draniksscar,20,0,0,0,0,58,-2101,317,409,0,303,0
1413,draniksscar,30,0,0,0,0,139,-129,7,471,0,335,0
1414,harbingers,30,0,0,0,0,1486,-1925,393,128,0,302,0
1415,riftseekers,10,0,0,0,0,-2404,-840,-306,128,0,316,0
1416,wallofslaughter,20,0,0,0,0,2330,-256,257,135,0,303,0
1417,wallofslaughter,50,0,0,0,0,-5690,-131,-306,166,0,316,0
1418,broodlands,30,0,0,0,0,3820,105,2.5,246,0,27,0
1419,broodlands,40,0,0,0,0,-1174,956,-191,353,0,341,0
1420,broodlands,50,0,0,0,0,170,-217,-85,224,0,343,0
1421,broodlands,60,0,0,0,0,-95,-8,-31,0,0,338,0
1422,broodlands,501,0,0,0,0,-1004,-1611,100,53,0,337,0
1423,broodlands,571,0,0,0,0,-1682,2,113,0,0,340,0
1424,delvea,10,0,0,0,0,-1254,-819,11,248,0,337,0
1425,delvea,20,0,0,0,0,2708,-676,-99,308,0,27,0
1426,delvea,40,0,0,0,0,535,-1017,-13,47,0,342,0
1427,delvea,50,0,0,0,0,-385,-89,18,449,0,342,0
1428,delveb,40,0,0,0,0,495,-1097,-10,343,0,341,0
1429,delveb,50,0,0,0,0,-400,-34,14,190,0,341,0
1430,guildlobby,20,0,0,0,0,-306,1398,-124,328,0,202,0
1431,stillmoona,10,0,0,0,0,1009,170,44,1,0,339,0
1432,stillmoona,50,0,0,0,0,1567,128,124,256,0,337,0
1433,stillmoonb,10,0,0,0,0,1049,168,43,257,0,338,0
1434,stillmoonb,20,0,0,0,0,2480,1340,525,256,0,339,0
1435,stillmoonb,30,0,0,0,0,5355,1350,0,0,0,339,0
1436,bazaar,20,0,0,0,0,-420,-90,-60,128,0,152,0
1437,bazaar,30,0,0,0,0,305,675,-100,128,0,150,0
1438,bazaar,40,0,0,0,0,305,795,-100,128,0,150,0
1439,bazaar,570,0,0,0,0,1213,921,2,256,0,151,0
1440,bazaar,580,0,0,0,0,1212,-891,2,256,0,151,0
1441,bazaar,590,0,0,0,0,27,327,34,447,0,151,0
1442,bazaar,610,0,0,0,0,319,-34,34,322,0,151,0
1443,bazaar,1150,0,0,0,0,243,1340,-108,68,0,202,0
1444,nektulos,1,0,0,0,0,53,154,28,999,0,40,0
1445,nektulos,2,0,0,0,0,1549,627,-20,999,0,22,0
1446,nektulos,3,0,0,0,0,81.43,-10.38,-54.94,0,0,27,0
1447,nektulos,77,0,0,0,0,-841,132,-157,257,0,202,0
1448,poknowledge,30,0,0,0,0,-1014.25,147.04,-160.998,128,0,77,0
