short_name,id,file_name,long_name,map_file_name,safe_x,safe_y,safe_z,safe_heading,graveyard_id,min_level,min_status,zoneidnumber,timezone,maxclients,ruleset,note,underworld,minclip,maxclip,fog_minclip,fog_maxclip,fog_blue,fog_red,fog_green,sky,ztype,zone_exp_multiplier,gravity,time_type,fog_red1,fog_green1,fog_blue1,fog_minclip1,fog_maxclip1,fog_red2,fog_green2,fog_blue2,fog_minclip2,fog_maxclip2,fog_red3,fog_green3,fog_blue3,fog_minclip3,fog_maxclip3,fog_red4,fog_green4,fog_blue4,fog_minclip4,fog_maxclip4,fog_density,flag_needed,canbind,cancombat,canlevitate,castoutdoor,hotzone,shutdowndelay,peqzone,expansion,suspendbuffs,rain_chance1,rain_chance2,rain_chance3,rain_chance4,rain_duration1,rain_duration2,rain_duration3,rain_duration4,snow_chance1,snow_chance2,snow_chance3,snow_chance4,snow_duration1,snow_duration2,snow_duration3,snow_duration4,type,skylock,skip_los,music,random_loc,dragaggro,never_idle,castdungeon,pull_limit,graveyard_time,max_z,min_expansion,max_expansion,content_flags,content_flags_disabled
acrylia,2,,"Acrylia Caverns",NULL,-665,20,4,0,0,0,0,154,0,0,1,,-450,100,650,450,600,50,50,50,0,1,0.90,0.4,0,50,50,50,450,600,50,50,50,450,600,50,50,50,450,600,50,50,50,450,600,0.33,,0,1,0,0,0,5000,1,3,0,0,0,0,0,0,0,0,0,0,0,0,0,0,0,0,0,0,0,0,2,3,0,1,1,80,1,10000,-1,-1,NULL,NULL
airplane,3,,"Plane of Sky",NULL,614,1415,-650,0,0,46,0,71,0,0,1,,-2030,1500,2000,500,2000,0,0,0,3,255,0.75,0.4,5,0,0,0,500,2000,0,0,0,500,2000,0,0,0,500,2000,0,0,0,500,2000,0.33,,0,1,0,1,0,5000,0,0,0,0,0,0,0,0,0,0,0,0,0,0,0,0,0,0,0,1,18,1,2,3,0,0,0,80,1,1790,-1,-1,NULL,NULL
akanon,4,,Ak'Anon,NULL,-35,47,4,0,0,0,0,55,0,0,1,,-614,600,600,10,1000,30,30,60,0,255,1.00,0.4,3,30,60,30,10,600,30,60,30,10,600,30,60,30,10,600,30,60,30,10,600,0.33,,2,1,1,1,0,5000,1,0,0,0,0,0,0,1,2,1,1,0,0,0,0,1,0,0,0,0,0,0,2,3,0,0,0,80,1,-80,-1,-1,NULL,NULL
akheva,5,,"Akheva Ruins",NULL,60,-1395,22,0,0,0,0,179,0,0,1,,-510,50,1300,500,1300,1,1,1,0,1,0.85,0.4,0,1,1,1,200,500,1,1,1,500,800,1,1,1,500,800,1,1,1,500,800,0.33,,0,1,0,0,0,5000,1,3,0,0,0,0,0,0,0,0,0,0,0,0,0,0,0,0,0,0,0,0,2,3,0,0,1,80,1,640,-1,-1,NULL,NULL
arena,9,,"The Arena",NULL,-817,-11,11,0,0,0,0,77,0,0,1,,-454,1000,1500,10,1500,100,100,100,1,255,0.75,0.4,2,100,100,100,10,1500,100,100,100,10,1500,100,100,100,10,1500,100,100,100,10,1500,0.33,,2,1,1,1,0,5000,1,0,0,0,0,0,0,0,0,0,0,0,0,0,0,0,0,0,0,0,0,0,2,3,0,0,0,80,1,933,-1,-1,NULL,NULL
arena2,10,,"The Arena Two",NULL,460.9,-41.4,24.6,0,0,0,200,180,0,0,1,,-2030,1500,2000,500,2000,0,0,0,0,1,1.00,0.4,2,0,0,0,500,2000,0,0,0,500,2000,0,0,0,500,2000,0,0,0,500,2000,0.1,,1,1,1,1,0,5000,1,99,0,0,0,0,0,0,0,0,0,0,0,0,0,0,0,0,0,0,0,1,0,3,0,0,0,80,1,10000,-1,-1,NULL,NULL
aviak,14,NULL,"Aviak Village",NULL,0,0,0,0,0,0,200,53,0,0,1,NULL,0,450,450,450,450,0,0,0,1,1,1.00,0.4,2,0,0,0,450,450,0,0,0,450,450,0,0,0,450,450,0,0,0,450,450,0.1,,1,1,1,1,0,5000,1,99,0,0,0,0,0,0,0,0,0,0,0,0,0,0,0,0,0,0,0,1,0,3,0,0,0,80,1,10000,-1,-1,NULL,NULL
befallen,19,,Befallen,NULL,35,-82,3,0,0,0,0,36,0,0,1,,-100,175,175,10,175,30,0,0,0,0,1.60,0.4,0,30,30,90,10,175,0,0,30,10,175,0,0,30,10,175,0,0,30,10,175,0.33,,1,1,1,0,0,5000,1,0,0,0,0,0,0,0,0,0,0,0,0,0,0,0,0,0,0,0,0,0,2,3,0,0,1,80,1,27,-1,-1,NULL,NULL
beholder,21,,"Gorge of King Xorbb",NULL,-21.44,-512.23,45.13,0,0,0,0,16,0,0,1,,-105,600,1400,10,600,150,240,180,1,0,0.75,0.4,1,240,180,150,10,600,240,180,150,10,600,240,180,150,10,600,240,180,150,10,600,0.1,,1,1,1,1,0,5000,1,0,0,10,10,10,10,24,6,2,10,0,0,0,0,0,0,0,0,0,0,1,2,3,0,0,0,80,1,1000,-1,-1,NULL,NULL
blackburrow,23,,Blackburrow,NULL,39,-159,3,0,0,0,0,17,0,0,1,,-252,700,700,10,700,90,50,100,1,0,1.00,0.4,5,50,100,90,10,700,50,100,90,10,700,50,100,90,10,700,50,100,90,10,700,0.33,,1,1,1,1,0,5000,1,0,0,10,10,10,10,24,6,2,10,0,0,0,0,0,0,0,0,0,0,0,2,3,0,0,1,80,1,605,-1,-1,NULL,NULL
bothunder,27,,"Bastion of Thunder",NULL,178,207,-1620,0,10,46,0,209,0,0,1,,-1650,200,400,200,400,30,30,30,0,1,1.19,0.4,1,0,0,0,200,400,30,30,30,200,400,30,30,30,200,400,30,30,30,200,400,0.33,"Talisman of Thunderous Foyer",0,1,1,1,0,5000,0,4,0,10,10,10,10,24,6,2,10,0,0,0,0,0,0,0,0,0,0,1,2,3,0,1,0,80,20,3400,-1,-1,NULL,NULL
burningwood,30,,"The Burning Wood",NULL,-821,-4942,204,0,0,0,0,87,0,0,1,,-776,300,1200,60,400,235,235,235,0,1,0.75,0.4,1,235,235,235,60,400,235,235,235,60,400,235,235,235,60,400,235,235,235,60,400,0.33,,1,1,1,1,0,5000,1,1,0,25,25,10,25,24,6,2,10,0,0,0,0,12,0,0,0,0,0,1,2,3,0,0,0,80,1,650,-1,-1,NULL,NULL
butcher,31,,"Butcherblock Mountains",NULL,-700,2550,3,0,0,0,0,68,0,0,1,,-32756,800,1400,10,1800,140,150,170,1,255,0.75,0.4,1,150,170,140,10,1800,150,170,140,10,1800,150,170,140,10,1800,150,170,140,10,1800,0.33,,1,1,1,1,0,5000,1,0,0,10,10,10,10,24,6,2,10,0,0,0,0,0,0,0,0,0,0,1,2,3,0,1,0,80,1,815,-1,-1,NULL,NULL
cabeast,32,,"Cabilis East",NULL,-417,1362,8,0,0,0,0,106,0,0,1,,-170,100,300,40,300,80,150,120,0,1,1.00,0.4,2,150,120,80,40,300,150,120,80,40,300,150,120,80,40,300,150,120,80,40,300,0.33,,2,1,1,1,0,5000,1,1,0,3,3,3,3,24,24,24,24,0,0,0,0,0,0,0,0,0,0,0,1,3,0,0,0,80,1,224,-1,-1,NULL,NULL
cabwest,33,,"Cabilis West",NULL,767,-783,8,0,0,0,0,82,0,0,1,,-170,100,300,40,300,80,150,120,0,1,1.00,0.4,2,150,120,80,40,300,150,120,80,40,300,150,120,80,40,300,150,120,80,40,300,0.33,,2,1,1,1,0,5000,1,1,0,3,3,3,3,24,24,24,24,0,0,0,0,0,0,0,0,0,0,0,2,3,0,0,0,80,1,224,-1,-1,NULL,NULL
cauldron,34,,"Dagnor's Cauldron",NULL,320,2815,473,0,0,0,0,70,0,0,1,,-486,800,1400,10,1800,140,100,100,1,0,0.75,0.4,1,100,100,140,10,1000,100,100,140,10,1800,100,100,140,10,1800,100,100,140,10,1800,0.33,,1,1,1,1,0,5000,1,0,0,10,10,10,10,24,6,2,10,0,0,0,0,0,0,0,0,0,0,1,2,3,0,0,0,80,1,1200,-1,-1,NULL,NULL
cazicthule,36,,"Accursed Temple of CazicThule",NULL,-74,71,4,0,0,0,0,48,0,0,1,,-332,450,450,10,450,20,50,80,1,0,0.85,0.4,5,50,80,20,10,450,50,80,20,10,450,50,80,20,10,450,50,80,20,10,450,0.33,,0,1,1,1,0,5000,1,0,0,25,25,10,25,24,6,2,10,0,0,0,0,0,0,0,0,0,0,0,2,3,0,0,1,80,1,627,-1,-1,NULL,NULL
charasis,43,,"The Howling Stones",NULL,0,0,4,0,0,0,0,105,0,0,1,,-230,600,1400,50,400,200,160,180,0,255,0.85,0.4,0,160,180,200,50,400,160,180,200,50,400,160,180,200,50,400,160,180,200,50,400,0.33,,0,1,1,0,0,5000,0,1,0,0,0,0,0,1,1,1,1,0,0,0,0,1,0,0,0,0,0,0,2,3,0,0,1,80,1,2145,-1,-1,NULL,NULL
chardok,44,,Chardok,NULL,859,119,106,0,0,0,0,103,0,0,1,NULL,-405,100,600,30,300,6,90,53,0,1,0.85,0.4,0,0,0,0,30,300,90,53,6,30,300,90,53,6,30,300,90,53,6,30,300,0.33,,0,1,1,0,0,5000,1,1,0,0,0,0,0,0,0,0,0,0,0,0,0,0,0,0,0,0,0,0,2,3,0,0,1,80,1,2180,-1,-1,NULL,NULL
citymist,46,,"The City of Mist",NULL,-734,28,4,0,0,0,0,90,0,0,1,,-130,200,400,50,275,60,90,110,0,255,0.85,0.4,2,90,110,60,50,275,90,110,60,50,275,90,110,40,50,275,90,110,60,50,275,0.33,,2,1,1,1,0,5000,1,1,0,70,70,70,70,24,24,24,24,0,0,0,0,0,0,0,0,0,0,0,2,3,0,0,1,80,1,2614,-1,-1,NULL,NULL
clz,47,NULL,Loading,NULL,0,0,0,0,0,0,200,190,0,0,1,NULL,0,450,450,450,450,0,0,0,1,1,1.00,0.4,2,0,0,0,450,450,0,0,0,450,450,0,0,0,450,450,0,0,0,450,450,0.1,,1,1,1,1,0,5000,1,99,0,0,0,0,0,0,0,0,0,0,0,0,0,0,0,0,0,0,0,1,0,3,0,0,0,80,1,10000,-1,-1,NULL,NULL
cobaltscar,48,,Cobaltscar,NULL,895,-939,318,0,0,0,0,117,0,0,1,,-110,1000,1800,200,1800,180,180,180,0,1,0.75,0.4,1,180,180,180,200,1800,180,180,180,200,1800,180,180,180,200,1800,180,180,180,200,1800,0.33,,1,1,1,1,0,5000,1,2,0,0,0,0,0,1,1,1,1,15,15,15,15,24,6,2,10,0,0,1,2,3,0,0,0,80,1,10000,-1,-1,NULL,NULL
codecay,49,,"The Crypt of Decay",NULL,-170,-65,-93,0,7,46,0,200,0,0,1,,-500,100,300,100,300,5,25,40,0,1,1.45,0.4,0,0,0,0,100,300,25,40,5,100,300,25,40,5,100,300,25,40,5,100,300,0.33,"Key to the lower depths of the Ruins of Lxanvom",0,1,1,0,0,5000,0,4,0,0,0,0,0,1,2,1,1,0,0,0,0,1,0,0,0,0,0,1,2,3,0,0,1,80,20,1000,-1,-1,NULL,NULL
commons,51,,"West Commonlands",NULL,-1334.24,209.57,-51.47,0,0,0,0,21,0,0,1,,-295,600,1400,10,800,220,200,200,1,255,0.75,0.4,1,200,200,220,10,800,200,200,220,10,800,200,200,220,10,800,200,200,220,10,800,0.1,,1,1,1,1,0,5000,1,0,0,10,10,10,10,1,1,1,1,0,0,0,0,1,0,0,0,0,0,1,2,3,0,0,0,80,1,520,-1,-1,NULL,NULL
crushbone,56,,Crushbone,NULL,158,-644,4,0,0,0,0,58,0,0,1,,-212,400,400,10,400,190,90,90,1,0,1.60,0.4,5,90,90,190,10,400,90,90,190,10,400,90,90,190,10,400,90,90,190,10,400,0.33,,1,1,1,1,0,5000,1,0,0,10,10,10,10,24,6,2,10,0,0,0,0,0,0,0,0,0,0,0,2,3,0,0,1,80,1,627,-1,-1,NULL,NULL
crystal,58,,"Crystal Caverns",NULL,303,487,-74,0,0,0,0,121,0,0,1,,-1000,400,800,0,0,0,0,0,0,0,0.85,0.4,0,0,0,0,0,0,0,0,0,0,0,0,0,0,0,0,0,0,0,0,0,0.33,,0,1,1,0,0,5000,1,2,0,0,0,0,0,0,0,0,0,0,0,0,0,0,0,0,0,0,0,0,2,3,0,0,1,80,1,1000,-1,-1,NULL,NULL
cshome,60,,"Sunset Home",NULL,0,100,0,0,0,0,80,26,0,0,1,,-84,550,550,10,550,220,200,200,1,255,1.00,0.4,2,200,200,220,10,550,200,200,220,10,550,200,200,220,10,550,200,200,220,10,550,0.1,,2,1,1,1,0,5000,0,0,1,0,0,0,0,0,0,0,0,0,0,0,0,0,0,0,0,0,0,0,2,3,0,0,0,80,1,10000,-1,-1,NULL,NULL
dalnir,61,,"The Crypt of Dalnir",NULL,0,0,6,0,0,0,0,104,0,0,1,,-210,200,600,30,210,25,20,10,0,255,1.10,0.4,0,20,10,25,30,210,20,10,25,30,210,20,10,25,30,210,20,10,25,30,210,0.33,,0,1,1,0,0,5000,1,1,0,0,0,0,0,0,0,0,0,0,0,0,0,0,0,0,0,0,0,0,2,3,0,0,1,80,1,120,-1,-1,NULL,NULL
dawnshroud,62,,"The Dawnshroud Peaks",NULL,2085,0,89,0,0,0,0,174,0,0,1,,-2000,100,1000,10,1000,255,200,230,0,255,0.75,0.4,1,200,230,255,10,1000,200,230,255,10,1000,200,230,255,10,1000,200,230,255,10,1000,0.33,,1,1,1,1,0,5000,1,3,0,0,0,0,0,0,0,0,0,0,0,0,0,0,0,0,0,0,13,0,2,3,0,0,0,80,1,4000,-1,-1,NULL,NULL
dreadlands,95,,"The Dreadlands",NULL,9565,2806,1050,0,0,0,0,86,0,0,1,,-1000,300,1800,200,600,235,235,235,4,1,0.75,0.4,1,235,235,235,200,600,235,235,235,200,600,235,235,235,200,600,235,235,235,200,600,0.33,,1,1,1,1,0,5000,1,1,0,0,0,0,0,15,6,2,10,25,15,5,15,24,12,6,12,0,0,1,2,3,0,1,0,80,1,2743,-1,-1,NULL,NULL
droga,97,,"Mines of Droga",NULL,290,1375,6,0,0,0,0,81,0,0,1,,-400,300,800,100,300,0,0,15,0,1,0.95,0.4,0,0,15,0,100,300,0,15,0,100,300,0,15,0,100,300,0,15,0,100,300,0.33,,0,1,1,0,0,5000,1,1,0,0,0,0,0,1,1,1,1,0,0,0,0,1,1,1,1,0,0,0,2,3,0,0,1,80,1,200,-1,-1,NULL,NULL
eastkarana,99,,"Eastern Plains of Karana",NULL,865,15,-33,0,0,0,0,15,0,0,1,,-250,600,1400,10,800,220,200,200,1,0,0.75,0.4,1,200,200,220,10,800,200,200,220,10,800,200,200,220,10,800,200,200,220,10,800,0.33,,1,1,1,1,0,5000,1,0,0,25,25,10,25,24,6,2,10,0,0,0,0,0,0,0,0,0,0,1,2,3,0,0,0,80,1,938,-1,-1,NULL,NULL
eastwastes,102,,"Eastern Wastes",NULL,-4296,-5049,147,0,0,0,0,116,0,0,1,,-950,1500,1800,200,1800,200,200,200,4,1,0.75,0.4,1,200,200,200,200,1800,200,200,200,200,1800,200,200,200,200,1800,200,200,200,200,1800,0.33,,1,1,1,1,0,5000,1,2,0,0,0,0,0,24,6,2,10,50,15,15,15,24,6,2,10,0,0,1,2,3,0,0,0,80,1,10000,-1,-1,NULL,NULL
echo,103,,"Echo Caverns",NULL,-800,840,-25,0,0,0,0,153,0,0,1,,-150,100,400,100,300,10,10,10,0,1,0.80,0.4,0,10,10,10,100,300,10,10,10,100,300,10,10,10,100,300,10,10,10,100,300,0.33,,0,1,1,0,0,5000,1,3,0,0,0,0,0,1,1,1,1,0,0,0,0,1,1,1,1,0,4,0,2,3,0,1,0,80,1,10000,-1,-1,NULL,NULL
ecommons,104,,"East Commonlands",NULL,-1485,9.2,-51,0,0,0,0,22,0,0,1,,-171,600,1400,10,800,220,200,200,1,255,0.75,0.4,1,200,200,220,10,800,200,200,220,10,800,200,200,220,10,800,200,200,220,10,800,0.1,,1,1,1,1,0,5000,1,0,0,10,10,10,10,1,1,1,1,0,0,0,0,0,0,0,0,0,0,1,2,3,0,0,0,80,1,707,-1,-1,NULL,NULL
emeraldjungle,107,,"The Emerald Jungle",NULL,4648,-1223,2,0,0,0,0,94,0,0,1,,-605,100,800,60,200,210,200,235,0,1,0.75,0.4,1,200,235,210,60,200,200,235,210,60,200,200,235,210,60,200,200,235,210,60,200,0.16,,1,1,1,1,0,5000,1,1,0,35,45,15,20,1,1,1,1,0,0,0,0,1,0,0,0,0,0,1,2,3,0,0,0,80,1,300,-1,-1,NULL,NULL
erudnext,108,,Erudin,NULL,-338,75,20,0,0,0,0,24,0,0,1,,-84,550,550,10,550,220,200,200,1,255,1.00,0.4,2,200,200,220,10,550,200,200,220,10,550,200,200,220,10,550,200,200,220,10,550,0.33,,2,1,1,1,0,5000,1,0,0,10,10,10,10,24,6,2,10,0,0,0,0,0,0,0,0,0,0,0,2,3,0,1,0,80,1,640,-1,-1,NULL,NULL
erudnint,109,,"Erudin Palace",NULL,808,712,21,0,0,0,0,23,0,0,1,,-48,600,600,0,0,0,0,0,0,0,1.00,0.4,4,0,0,0,0,0,0,0,0,0,0,0,0,0,0,0,0,0,0,0,0,0.33,,2,1,1,1,0,5000,1,0,0,0,0,0,0,0,0,0,0,0,0,0,0,0,0,0,0,0,0,0,2,3,0,0,0,80,1,94,-1,-1,NULL,NULL
erudsxing,110,,"Erud's Crossing",NULL,795,-1767,11,0,0,0,0,98,0,0,1,,-350,50,1400,10,1400,220,200,200,1,0,0.75,0.4,1,200,200,220,10,800,200,200,220,10,1400,200,200,220,10,1400,200,200,220,10,1400,0.33,,1,1,1,1,0,5000,1,0,0,25,25,10,0,24,6,2,10,0,0,0,0,0,0,0,0,1,0,1,2,3,0,1,0,80,1,479,-1,-1,NULL,NULL
erudsxing2,111,NULL,"Marauders Mire",NULL,0,0,0,0,0,0,200,130,0,0,1,NULL,0,450,450,450,450,0,0,0,1,1,1.00,0.4,2,0,0,0,450,450,0,0,0,450,450,0,0,0,450,450,0,0,0,450,450,0.1,,1,1,1,1,0,5000,1,99,0,0,0,0,0,0,0,0,0,0,0,0,0,0,0,0,0,0,0,1,0,3,0,0,0,80,1,10000,-1,-1,NULL,NULL
everfrost,112,,"Everfrost Peaks",NULL,629,3139,-60,0,0,0,0,30,0,0,1,,-374,300,600,10,500,255,200,230,0,255,0.75,0.4,1,200,230,255,10,500,200,230,255,10,500,200,230,255,10,500,200,230,255,10,500,0.33,,1,1,1,1,0,5000,1,0,0,0,0,0,0,0,0,0,0,50,25,10,25,24,24,24,24,0,0,1,2,3,0,0,0,80,1,447,-1,-1,NULL,NULL
fearplane,113,,"Plane of Fear",NULL,1282,-1139,5,0,0,46,0,72,0,0,1,,-42,800,1400,10,1000,10,255,50,5,255,0.75,0.4,1,255,50,10,10,1000,255,50,10,10,1000,255,50,10,10,1000,90,20,20,10,1000,0.33,,1,1,1,1,0,5000,1,0,0,0,0,0,25,0,0,0,0,0,0,0,0,0,0,0,0,0,0,1,2,3,0,1,0,80,1,0,-1,-1,NULL,NULL
feerrott,114,,"The Feerrott",NULL,905,1051,25,0,0,0,0,47,0,0,1,,-192,150,200,10,175,30,60,90,0,255,0.75,0.4,1,60,90,30,10,175,60,90,30,10,175,60,90,30,10,175,60,90,30,10,175,0.33,,1,1,1,1,0,5000,1,0,0,25,75,50,5,1,1,1,1,0,0,0,0,0,0,0,0,0,0,1,2,3,0,0,0,80,1,694,-1,-1,NULL,NULL
felwithea,115,,"Northern Felwithe",NULL,94,-25,3,0,0,0,0,61,0,0,1,,-92,300,300,10,300,100,100,130,1,255,1.00,0.4,2,100,130,100,10,300,100,130,100,10,300,100,130,100,10,300,100,130,100,10,300,0.33,,2,1,1,1,0,5000,1,0,0,15,15,5,5,0,0,0,0,0,0,0,0,0,0,0,0,0,0,0,2,3,0,0,0,80,1,602,-1,-1,NULL,NULL
felwitheb,116,,"Southern Felwithe",NULL,-790,320,-10,0,0,0,0,62,0,0,1,,-82,300,300,10,300,100,100,130,1,255,0.75,0.4,2,100,130,100,10,300,100,130,100,10,300,100,130,100,10,300,100,130,100,10,300,0.33,,2,1,1,1,0,5000,1,0,0,15,15,5,5,0,0,0,0,0,0,0,0,0,0,0,0,0,0,0,2,3,0,0,0,80,1,604,-1,-1,NULL,NULL
fieldofbone,119,,"Field of Bone",NULL,1617,-1684,-50,0,0,0,0,78,0,0,1,,-370,300,1400,200,800,235,235,235,1,1,0.75,0.4,1,235,235,235,200,800,235,235,235,200,800,235,235,235,200,800,235,235,235,200,800,0.33,,3,1,1,1,0,5000,1,1,0,30,40,10,10,1,1,1,1,0,0,0,0,0,0,0,0,0,0,1,2,3,0,0,0,80,1,915,-1,-1,NULL,NULL
firiona,120,,"Firiona Vie",NULL,1440,-2392,1,0,0,0,0,84,0,0,1,,-350,300,1800,200,800,235,235,235,4,1,0.75,0.4,1,235,235,235,200,800,235,235,235,200,800,235,235,235,200,800,235,235,235,200,800,0.33,,3,1,1,1,0,5000,1,1,0,25,25,10,25,24,6,2,10,0,0,0,0,24,6,2,10,0,0,1,2,3,0,1,0,80,1,1012,-1,-1,NULL,NULL
freporte,131,,"East Freeport",NULL,-648,-1097,-52.2,0,0,0,0,10,0,0,1,,-298,450,450,10,450,200,230,200,1,255,0.75,0.4,2,230,200,200,10,450,230,200,200,10,450,230,200,200,10,450,230,200,200,10,450,0.1,,2,1,1,1,0,5000,1,0,0,10,10,0,0,10,10,0,0,0,0,0,0,0,0,0,0,0,0,0,2,3,0,1,0,80,1,700,-1,-1,NULL,NULL
freportn,132,,"North Freeport",NULL,211,-296,4,0,0,0,0,8,0,0,1,,-54,450,450,10,450,200,230,200,1,255,0.75,0.4,2,230,200,200,10,450,230,200,200,10,450,230,200,200,10,450,230,200,200,10,450,0.1,,2,1,1,1,0,5000,1,0,0,10,10,0,0,10,10,0,0,0,0,0,0,0,0,0,0,0,0,0,2,3,0,0,0,80,1,700,-1,-1,NULL,NULL
freportw,133,,"West Freeport",NULL,181,335,-24,0,0,0,0,9,0,0,1,,-126,450,450,10,450,200,230,200,1,255,0.75,0.4,2,230,200,200,10,450,230,200,200,10,450,230,200,200,10,450,230,200,200,10,450,0.1,,2,1,1,1,0,5000,1,0,0,10,10,0,0,10,10,0,0,0,0,0,0,0,0,0,0,0,0,0,2,3,0,0,0,80,1,700,-1,-1,NULL,NULL
frontiermtns,134,,"Frontier Mountains",NULL,-4262,-633,116,0,0,0,0,92,0,0,1,,-777,300,1800,200,800,235,235,235,4,1,0.75,0.4,1,235,235,235,200,800,235,235,235,200,800,235,235,235,200,800,235,235,235,200,800,0.33,,3,1,1,1,0,5000,1,1,0,35,45,15,20,1,1,1,1,0,0,0,0,1,0,0,0,0,0,1,2,3,0,0,0,80,1,1318,-1,-1,NULL,NULL
frozenshadow,136,,"Tower of Frozen Shadow",NULL,200,120,0,0,0,0,0,111,0,0,1,,-31,150,350,10,350,25,25,25,0,1,0.85,0.4,0,25,25,25,10,350,25,25,25,10,350,25,25,25,10,350,25,25,25,10,350,0.33,,0,1,1,0,0,5000,1,2,0,0,0,0,0,1,2,1,1,0,0,0,0,1,0,0,0,0,0,0,2,3,0,0,1,80,1,1000,-1,-1,NULL,NULL
fungusgrove,137,,"The Fungus Grove",NULL,-1005,-2140,-308,0,0,0,0,157,0,0,1,,-10000,100,600,100,600,50,25,50,0,1,0.75,0.4,0,25,50,50,100,600,25,50,50,100,600,25,50,50,100,600,25,50,50,100,600,0.33,,0,1,1,0,0,5000,1,3,0,0,0,0,0,0,0,0,0,0,0,0,0,0,0,0,0,0,24,0,2,3,0,0,1,80,1,10000,-1,-1,NULL,NULL
gfaydark,138,,"Greater Faydark",NULL,10,-20,0,0,0,0,0,54,0,0,1,,-90,250,325,10,300,200,230,255,0,255,0.75,0.4,2,230,255,200,10,300,230,255,200,10,600,230,255,200,10,600,230,255,200,10,300,0.33,,2,1,1,1,0,5000,1,0,0,10,10,0,0,1,2,1,1,0,0,0,0,1,0,0,0,0,0,1,2,3,0,1,0,80,1,803,-1,-1,NULL,NULL
greatdivide,139,,"The Great Divide",NULL,-965,-7720,-557,0,0,0,0,118,0,0,1,,-1061,800,1800,200,1800,172,160,160,0,1,0.75,0.4,1,160,160,172,200,1800,160,160,172,200,1800,160,160,172,200,1800,160,160,172,200,1800,0.33,,1,1,1,1,0,5000,1,2,0,0,0,0,0,1,1,1,1,50,15,15,15,24,6,2,10,0,0,1,2,3,0,1,0,80,1,10000,-1,-1,NULL,NULL
griegsend,140,,"Grieg's End",NULL,3461,-19,-5,0,0,0,0,163,0,0,1,,-1000,100,1800,100,1000,0,0,0,8,1,0.90,0.4,5,0,0,0,100,1000,0,0,0,100,1000,0,0,0,100,1000,0,0,0,100,1000,0.33,,0,1,0,1,0,5000,1,3,0,0,0,0,0,24,6,2,10,0,0,0,0,0,0,0,0,0,16,0,2,3,0,0,1,80,1,300,-1,-1,NULL,NULL
grimling,141,,"Grimling Forest",NULL,-1020,-950,22,0,0,0,0,167,0,0,1,,-500,100,1000,100,1000,220,200,200,0,1,0.75,0.4,1,70,50,80,100,1000,200,200,220,100,1000,200,200,220,100,1000,200,200,220,100,1000,0.33,,1,1,1,1,0,5000,1,3,0,2,8,10,3,1,2,1,1,0,0,0,0,0,0,0,0,0,20,0,2,3,0,0,0,80,1,650,-1,-1,NULL,NULL
grobb,142,,Grobb,NULL,0,-100,3,0,0,0,0,52,0,0,1,,-102,300,300,10,300,90,170,160,0,0,1.00,0.4,2,0,0,0,10,300,170,160,90,10,300,170,160,90,10,300,170,160,90,10,300,0.33,,2,1,1,1,0,5000,1,0,0,25,25,10,25,24,6,2,10,0,0,0,0,12,0,0,0,0,0,0,1,3,0,0,0,80,1,600,-1,-1,NULL,NULL
growthplane,143,,"Plane of Growth",NULL,3016,-2522,-19,0,0,46,0,127,0,0,1,,-1000,300,1200,60,1200,100,0,50,0,1,0.80,0.4,1,0,50,100,60,1200,0,100,50,60,1200,100,50,0,60,1200,100,0,50,60,1200,0.33,,1,1,1,1,0,5000,1,2,0,25,25,50,25,1,1,1,1,0,0,0,0,0,0,0,0,0,0,1,2,3,0,0,0,80,1,10000,-1,-1,NULL,NULL
gukbottom,149,,"Ruins of Old Guk",NULL,-217,1197,-78,0,0,0,0,66,0,0,1,,-292,140,140,10,140,20,50,45,0,255,0.80,0.4,0,50,45,20,10,140,50,45,20,10,140,50,45,20,10,140,50,45,20,10,140,0.33,,1,1,1,0,0,5000,1,0,0,0,0,0,0,1,2,1,1,0,0,0,0,1,0,0,0,0,0,0,2,3,0,0,1,80,1,-56,-1,-1,NULL,NULL
guktop,156,,Guk,NULL,7,-36,4,0,0,0,0,65,0,0,1,,-180,140,140,10,140,20,40,45,0,255,1.50,0.4,0,40,45,20,10,140,40,45,20,10,140,40,45,20,10,140,40,45,20,10,140,0.33,,1,1,1,0,0,5000,1,0,0,0,0,0,0,1,2,1,1,0,0,0,0,1,0,0,0,0,0,0,2,3,0,1,1,80,1,28,-1,-1,NULL,NULL
halas,160,,Halas,NULL,0,0,3,0,0,0,0,29,0,0,1,,-162,300,350,10,300,255,200,230,0,255,0.75,0.4,2,200,230,255,10,300,200,230,255,10,300,200,230,255,10,300,200,230,255,10,300,0.33,,2,1,1,1,0,5000,1,0,0,0,0,0,0,0,0,0,0,25,20,10,20,10,8,5,10,0,0,0,2,3,0,0,0,80,1,604,-1,-1,NULL,NULL
hateplane,162,,"Plane of Hate",NULL,0,0,0,0,0,46,0,76,0,0,1,,-1000,200,200,30,200,128,128,128,0,255,0.75,0.4,1,128,128,128,30,200,128,128,128,30,200,128,128,128,30,200,128,128,128,30,200,0.1,,0,1,1,1,0,5000,0,0,0,0,0,0,0,0,0,0,0,0,0,0,0,0,0,0,0,0,6,1,2,3,0,1,1,80,1,0,-1,-1,NULL,NULL
highkeep,165,,"High Keep",NULL,88,-16,4,0,0,0,0,6,0,0,1,,-94,600,600,0,0,0,0,0,1,0,1.50,0.4,2,0,0,0,0,0,0,0,0,0,0,0,0,0,0,0,0,0,0,0,0,0.33,,2,1,1,1,0,5000,1,0,0,20,0,10,20,24,6,2,10,0,0,0,0,12,0,0,0,0,0,0,2,3,0,0,0,80,1,100,-1,-1,NULL,NULL
highpass,166,,"Highpass Hold",NULL,-104,-14,4,0,0,0,0,5,0,0,1,,-60,400,400,10,400,200,200,200,1,0,0.80,0.4,2,200,200,200,10,400,200,200,200,10,400,200,200,200,10,400,200,200,200,10,400,0.1,,2,1,1,1,0,5000,1,0,0,20,0,10,20,24,6,2,10,0,0,0,0,0,0,0,0,0,0,0,2,3,0,0,0,80,1,126,-1,-1,NULL,NULL
hohonora,170,,"Halls of Honor",NULL,-2678,-323,3,0,11,0,0,211,0,0,1,,-10000,200,2000,200,2000,220,200,200,12,1,1.30,0.4,1,0,0,0,200,2000,200,200,220,200,2000,200,200,220,200,2000,200,200,220,200,2000,0.33,hohonora,0,1,1,1,0,5000,0,4,0,10,10,10,10,24,6,2,10,0,0,0,0,0,0,0,0,0,6,1,2,3,0,1,0,15,20,10000,-1,-1,NULL,NULL
hohonorb,171,,"Temple of Marr",NULL,975,2,396,0,20,0,0,220,0,0,1,,-10000,100,800,100,800,220,200,200,12,1,1.30,0.4,1,0,0,0,100,800,200,200,220,100,800,200,200,220,100,800,200,200,220,100,800,0.33,hohonorb,0,1,1,1,0,5000,0,4,0,10,10,10,10,24,6,2,10,0,0,0,0,0,0,0,0,0,6,1,2,3,0,0,0,80,20,10000,-1,-1,NULL,NULL
hole,172,,"The Hole",NULL,-1050,640,-80,0,0,0,0,39,0,0,1,,-1300,300,600,200,500,10,10,10,0,255,1.00,0.4,0,10,10,10,200,500,10,10,10,200,500,10,10,10,200,500,10,10,10,200,500,0.33,,0,1,0,0,0,5000,0,1,0,0,0,0,0,0,0,0,0,0,0,0,0,0,0,0,0,0,0,0,2,3,0,0,1,80,1,1150,-1,-1,NULL,NULL
hollowshade,173,,"Hollowshade Moor",NULL,2420,1241,40,0,0,0,0,166,0,0,1,,-600,100,2000,200,2000,40,100,110,7,1,0.75,0.4,1,100,110,40,200,2000,100,140,20,200,2000,100,140,20,200,2000,100,140,20,200,2000,0.33,,1,1,1,1,0,5000,1,3,0,10,10,10,10,1,1,1,1,0,0,0,0,0,0,0,0,0,20,0,2,3,0,1,0,200,1,707,-1,-1,NULL,NULL
iceclad,174,,"Iceclad Ocean",NULL,340,5330,-17,0,0,0,0,110,0,0,1,,-250,800,1800,200,1800,200,200,200,4,1,0.75,0.4,1,200,200,200,200,1800,200,200,200,200,1800,200,200,200,200,1800,200,200,200,200,1800,0.33,,3,1,1,1,0,5000,1,2,0,0,0,0,0,24,6,2,10,15,15,15,15,24,6,2,10,0,0,1,2,3,0,1,0,80,1,1000,-1,-1,NULL,NULL
innothule,182,,"Innothule Swamp",NULL,-588,-2192,-25,0,0,0,0,46,0,0,1,,-85,400,550,10,500,90,170,160,0,255,0.75,0.4,1,170,160,90,10,500,170,160,90,10,500,170,160,90,10,500,170,160,90,10,500,0.1,,1,1,1,1,0,5000,1,0,0,25,25,50,25,1,1,1,1,0,0,0,0,0,0,0,0,0,0,1,2,3,0,0,0,80,1,795,-1,-1,NULL,NULL
jaggedpine,184,,"Jaggedpine Forest",NULL,1800,1319,-13,0,0,0,0,181,0,0,1,,-250,1500,2000,500,2000,0,0,0,1,0,0.75,0.4,1,0,0,0,500,2000,0,0,0,500,2000,0,0,0,500,2000,0,0,0,500,2000,0.1,,1,1,1,1,0,5000,1,3,0,10,10,10,10,24,6,2,10,0,0,0,0,0,0,0,0,0,0,1,2,3,0,0,0,80,1,938,-1,-1,NULL,NULL
kael,186,,"Kael Drakkel",NULL,-633,-47,128,0,0,0,0,113,0,0,1,,-2000,300,600,20,500,50,10,10,0,1,0.85,0.4,0,10,10,50,20,500,10,10,50,20,500,10,10,50,20,500,10,10,50,20,500,0.33,,3,1,1,0,0,5000,1,2,0,0,0,0,0,0,0,0,0,0,0,0,0,0,0,0,0,0,0,0,2,3,1,1,0,80,1,10000,-1,-1,NULL,NULL
kaesora,187,,Kaesora,NULL,40,370,102,0,0,0,0,88,0,0,1,,-400,200,800,20,200,0,0,10,0,255,1.10,0.4,0,0,10,0,20,200,0,10,0,20,200,0,10,0,20,200,0,10,0,20,200,0.33,,0,1,1,0,0,5000,1,1,0,0,0,0,0,0,0,0,0,0,0,0,0,0,0,0,0,0,0,0,2,3,0,0,1,80,1,208,-1,-1,NULL,NULL
kaladima,188,,"South Kaladim",NULL,-2,-18,3,0,0,0,0,60,0,0,1,,-62,175,175,10,175,20,70,50,0,255,0.75,0.4,3,70,50,20,10,175,70,50,20,10,175,70,50,20,10,175,70,50,20,10,175,0.33,,2,1,1,0,0,5000,1,0,0,0,0,0,0,1,2,1,1,0,0,0,0,0,0,0,0,0,0,0,2,3,0,0,0,80,1,49,-1,-1,NULL,NULL
kaladimb,189,,"North Kaladim",NULL,-267,414,3.75,0,0,0,0,67,0,0,1,,-112,175,175,10,175,20,70,50,0,255,0.75,0.4,3,70,50,20,10,175,70,50,20,10,175,70,50,20,10,175,70,50,20,10,175,0.1,,2,1,1,0,0,5000,1,0,0,0,0,0,0,1,2,1,1,0,0,0,0,0,0,0,0,0,0,0,2,3,0,0,0,80,1,84,-1,-1,NULL,NULL
karnor,190,,"Karnor's Castle",NULL,302,18,6,0,0,0,0,102,0,0,1,,-272,100,800,10,350,20,50,20,0,1,0.85,0.4,5,50,20,20,10,350,50,20,20,10,350,50,20,20,10,350,50,20,20,10,350,0.33,,0,1,1,1,0,5000,1,1,0,10,10,10,10,24,6,2,10,0,0,0,0,0,0,0,0,0,0,0,2,3,0,0,1,80,1,602,-1,-1,NULL,NULL
katta,191,,"Katta Castellum",NULL,-545,645,1,0,0,0,0,160,0,0,1,,-6000,100,800,10,800,40,100,40,7,1,0.85,0.4,2,100,40,40,10,800,100,40,40,10,800,100,40,40,10,800,100,40,40,10,800,0.33,,2,1,0,1,0,5000,1,3,0,0,0,0,0,24,24,24,24,0,0,0,0,0,0,0,0,0,22,0,2,3,0,0,0,80,1,4000,-1,-1,NULL,NULL
kedge,193,,"Kedge Keep",NULL,14,100,302,0,0,0,0,64,0,0,1,,-364,600,600,0,0,0,0,0,0,0,1.00,0.4,0,10,10,10,0,0,0,0,0,0,0,0,0,0,0,0,0,0,0,0,0,0.33,,1,1,1,0,0,5000,1,0,0,0,0,0,0,0,0,0,0,0,0,0,0,0,0,0,0,0,0,0,2,3,0,0,1,80,1,0,-1,-1,NULL,NULL
kerraridge,194,,"Kerra Isle",NULL,-859.97,474.96,23.75,0,0,0,0,74,0,0,1,,-72,600,600,10,600,200,220,220,1,0,0.90,0.4,1,220,220,200,10,600,220,220,200,10,600,220,220,200,10,600,220,220,200,10,600,0.1,,1,1,1,1,0,5000,1,0,0,10,10,10,10,24,6,2,10,0,0,0,0,0,0,0,0,0,0,0,2,3,0,0,0,80,1,602,-1,-1,NULL,NULL
kithicor,196,,"Kithicor Forest",NULL,3828,1889,459,0,0,0,0,20,0,0,1,,-231,150,250,10,200,100,120,140,0,255,0.75,0.4,1,120,140,100,10,200,120,140,100,10,200,120,140,100,10,200,120,140,100,10,200,0.33,,1,1,1,1,0,5000,1,0,0,10,10,10,10,1,2,1,1,0,0,0,0,1,0,0,0,1,0,1,2,3,0,0,0,80,1,1095,-1,-1,NULL,NULL
kurn,199,,"Kurn's Tower",NULL,0,0,7,0,0,0,0,97,0,0,1,,-220,200,800,10,200,20,50,50,0,1,1.50,0.4,0,50,50,20,10,200,50,50,20,10,200,50,50,20,10,200,50,50,20,10,200,0.33,,0,1,1,0,0,5000,1,1,0,0,0,0,0,24,6,2,10,0,0,0,0,0,0,0,0,0,0,0,2,3,0,0,1,80,1,220,-1,-1,NULL,NULL
lakeofillomen,200,,"Lake of Ill Omen",NULL,-5383,5747,70,0,0,0,0,85,0,0,1,,-1000,50,2000,1000,2000,235,235,235,1,1,0.75,0.4,1,235,235,235,1000,2000,235,235,235,1000,2000,235,235,235,1000,2000,235,235,235,1000,2000,0.33,,1,1,1,1,0,5000,1,1,0,15,20,15,15,1,1,1,1,0,0,0,0,0,0,0,0,0,0,1,2,3,0,0,0,80,1,1000,-1,-1,NULL,NULL
lakerathe,201,,"Lake Rathetear",NULL,1213,4183,3,0,0,0,0,51,0,0,1,,-454,600,1400,10,800,220,200,200,1,255,0.75,0.4,1,200,200,220,10,800,200,200,220,10,800,200,200,220,10,800,200,200,220,10,800,0.33,,1,1,1,1,0,5000,1,0,0,20,20,15,20,1,1,1,1,0,0,0,0,1,0,0,0,0,0,1,2,3,0,0,0,80,1,933,-1,-1,NULL,NULL
lavastorm,202,,"Lavastorm Mountains",NULL,154,-1833,-15,0,0,0,0,27,0,0,1,,-368,600,1400,10,800,10,255,50,1,255,0.75,0.4,1,255,50,10,10,800,255,10,10,10,800,255,10,10,10,800,255,10,10,10,800,0.33,,1,1,1,1,0,5000,1,0,0,5,5,0,0,0,0,0,0,0,0,0,0,0,0,0,0,0,0,1,2,3,0,0,0,80,1,610,-1,-1,NULL,NULL
letalis,203,,"Mons Letalis",NULL,-623,-1249,-29,0,0,0,0,169,0,0,1,,-2000,100,700,10,700,255,200,230,6,255,0.75,0.4,1,200,230,255,10,700,200,230,255,10,700,200,230,255,10,700,200,230,255,10,700,0.33,,1,1,1,1,0,5000,1,3,0,0,0,0,0,0,0,0,0,0,0,0,0,0,0,0,0,0,14,0,2,3,0,0,0,80,1,4000,-1,-1,NULL,NULL
lfaydark,204,,"Lesser Faydark",NULL,-1770,-108,0,0,0,0,0,57,0,0,1,,-77,275,325,10,1000,200,230,255,0,255,0.75,0.4,1,230,255,200,10,300,230,255,200,10,600,230,255,200,10,600,230,255,200,10,600,0.33,,1,1,1,1,0,5000,1,0,0,10,10,10,10,1,2,1,1,0,0,0,0,0,0,0,0,0,0,1,2,3,0,0,0,80,1,830,-1,-1,NULL,NULL
load,205,,"Loading Zone",NULL,-316,5,8.2,0,0,0,200,184,0,0,1,,-2030,1500,2000,500,2000,0,0,0,0,1,1.00,0.4,2,0,0,0,500,2000,0,0,0,500,2000,0,0,0,500,2000,0,0,0,500,2000,0.1,,1,1,1,1,0,5000,1,99,0,0,0,0,0,0,0,0,0,0,0,0,0,0,0,0,0,0,0,1,0,3,0,0,0,80,1,10000,-1,-1,NULL,NULL
load2,206,,"New Loading Zone",NULL,-260,-4,-724,0,0,0,200,185,0,0,1,,-2030,1500,2000,500,2000,0,0,0,0,1,1.00,0.4,2,0,0,0,500,2000,0,0,0,500,2000,0,0,0,500,2000,0,0,0,500,2000,0.1,,1,1,1,1,0,5000,1,99,0,0,0,0,0,0,0,0,0,0,0,0,0,0,0,0,0,0,0,1,0,3,0,0,0,80,1,10000,-1,-1,NULL,NULL
maiden,208,,"The Maiden's Eye",NULL,1905,940,-150,0,0,0,0,173,0,0,1,,-2000,100,1000,10,1000,255,200,230,6,255,0.75,0.4,1,200,230,255,10,1000,200,230,255,10,1000,200,230,255,10,1000,200,230,255,10,1000,0.33,,1,1,1,1,0,5000,1,3,0,0,0,0,0,0,0,0,0,0,0,0,0,0,0,0,0,0,18,0,2,3,0,0,0,80,1,4000,-1,-1,NULL,NULL
mischiefplane,223,,"Plane of Mischief",NULL,-395,-1410,115,0,0,46,0,126,0,0,1,,-10000,300,800,60,600,210,210,235,0,1,1.00,0.4,1,210,235,210,60,600,210,235,210,60,600,210,235,210,60,600,210,235,210,60,600,0.33,,1,1,1,1,0,5000,1,2,0,25,25,50,25,1,1,1,1,0,0,0,0,0,0,0,0,0,0,0,2,3,0,1,0,80,1,-10000,-1,-1,NULL,NULL
mistmoore,224,,"Castle of Mistmoore",NULL,120,-330,-178,0,0,0,0,59,0,0,1,,-292,250,250,10,1850,90,60,30,0,255,0.90,0.4,5,60,30,90,10,250,60,30,90,10,350,60,30,90,10,350,60,30,90,10,350,0.33,,1,1,1,1,0,5000,1,0,0,100,100,100,100,24,24,24,24,0,0,0,0,0,0,0,0,0,0,0,2,3,0,0,1,80,1,532,-1,-1,NULL,NULL
misty,225,,"Misty Thicket",NULL,0,0,2.43,0,0,0,0,33,0,0,1,,-126,450,550,10,500,50,100,120,0,255,0.75,0.4,1,100,120,50,10,500,100,120,50,10,500,100,120,50,10,500,100,120,50,10,500,0.1,,1,1,1,1,0,5000,1,0,0,20,20,5,10,0,0,0,0,0,0,0,0,0,0,0,0,0,0,1,2,3,0,0,0,80,1,585,-1,-1,NULL,NULL
mseru,239,,"Marus Seru",NULL,-1668,540,-6,0,0,0,0,168,0,0,1,,-2000,100,1000,10,1000,255,200,230,6,255,0.75,0.4,1,200,230,255,10,1000,200,230,255,10,1000,200,230,255,10,1000,200,230,255,10,1000,0.33,,1,1,1,1,0,5000,1,3,0,0,0,0,0,0,0,0,0,0,0,0,0,0,0,0,0,0,14,0,2,3,0,0,0,80,1,4000,-1,-1,NULL,NULL
najena,241,,Najena,NULL,858,-76,4,0,0,0,0,44,0,0,1,,-66,110,110,10,110,40,20,0,0,255,1.30,0.4,0,30,0,40,10,110,20,0,40,10,110,20,0,40,10,110,20,0,40,10,110,0.33,,1,1,1,0,0,5000,1,0,0,0,0,0,0,0,0,0,0,0,0,0,0,0,0,0,0,0,0,0,2,3,0,0,1,80,1,73,-1,-1,NULL,NULL
necropolis,243,,"Dragon Necropolis",NULL,2000,-100,5,0,0,0,0,123,0,0,1,,-355,1500,2000,10,2000,35,35,50,0,1,0.85,0.4,0,35,50,35,10,2000,35,50,35,10,2000,35,50,35,10,2000,35,50,35,10,2000,0.33,,0,1,1,0,0,5000,1,2,0,0,0,0,0,24,24,24,24,0,0,0,0,0,0,0,0,0,10,0,2,3,0,1,1,80,1,10000,-1,-1,NULL,NULL
nektropos,245,NULL,Nektropos,NULL,0,0,0,0,0,0,200,28,0,0,1,NULL,0,450,450,450,450,0,0,0,1,1,1.00,0.4,2,0,0,0,450,450,0,0,0,450,450,0,0,0,450,450,0,0,0,450,450,0.1,,1,1,1,1,0,5000,1,99,0,0,0,0,0,0,0,0,0,0,0,0,0,0,0,0,0,0,0,1,0,3,0,0,0,80,1,10000,-1,-1,NULL,NULL
neriaka,248,,"Neriak - Foreign Quarter",NULL,157,-3,31,0,0,0,0,40,0,0,1,,-26,250,250,10,250,60,10,0,0,255,1.00,0.4,3,10,0,60,10,250,10,0,60,10,250,10,0,60,10,250,10,0,60,10,250,0.33,,2,1,1,0,0,5000,1,0,0,0,0,0,0,0,0,0,0,0,0,0,0,0,0,0,0,0,0,0,2,3,0,0,0,80,1,84,-1,-1,NULL,NULL
neriakb,249,,"Neriak - Commons",NULL,-500,3,-10,0,0,0,0,41,0,0,1,,-101,250,250,10,250,60,10,0,0,255,1.00,0.4,3,10,0,60,10,250,10,0,60,10,250,10,0,60,10,250,10,0,60,10,250,0.33,,2,1,1,0,0,5000,1,0,0,0,0,0,0,0,0,0,0,0,0,0,0,0,0,0,0,0,0,0,2,3,0,0,0,80,1,42,-1,-1,NULL,NULL
neriakc,250,,"Neriak - 3rd Gate",NULL,-969,892,-52,0,0,0,0,42,0,0,1,,-152,250,250,10,250,60,10,0,0,255,1.00,0.4,3,10,0,60,10,250,10,0,60,10,250,10,0,60,10,250,10,0,60,10,250,0.33,,2,1,1,0,0,5000,1,0,0,0,0,0,0,0,0,0,0,0,0,0,0,0,0,0,0,0,0,0,2,3,0,0,0,80,1,58,-1,-1,NULL,NULL
neriakd,251,NULL,"Neriak Palace",NULL,0,0,0,0,0,0,200,43,0,0,1,NULL,0,450,450,450,450,0,0,0,1,1,1.00,0.4,2,0,0,0,450,450,0,0,0,450,450,0,0,0,450,450,0,0,0,450,450,0.1,,1,1,1,1,0,5000,1,99,0,0,0,0,0,0,0,0,0,0,0,0,0,0,0,0,0,0,0,1,0,3,0,0,0,80,1,10000,-1,-1,NULL,NULL
netherbian,252,,"Netherbian Lair",NULL,14,1787,-62,0,0,0,0,161,0,0,1,,-500,100,700,1,700,10,10,10,0,1,0.80,0.4,0,10,10,10,1,700,10,10,10,1,700,10,10,10,1,700,10,10,10,1,700,0.33,,0,1,1,0,0,5000,1,3,0,0,0,0,0,24,6,2,10,0,0,0,0,0,0,0,0,0,18,0,2,3,0,0,0,80,1,10000,-1,-1,NULL,NULL
nexus,253,,Nexus,NULL,0,0,-28,0,0,0,0,152,0,0,1,"currently empty",-510,100,1000,200,300,0,0,0,0,1,0.75,0.4,3,0,0,0,200,300,0,0,0,200,300,0,0,0,200,300,0,0,0,200,300,0.33,,2,0,1,1,0,5000,1,3,0,0,0,0,0,24,24,24,24,0,0,0,0,0,0,0,0,0,0,0,2,0,0,1,0,80,1,640,-1,-1,NULL,NULL
nightmareb,254,,"The Lair of Terris Thule",NULL,1608,30,-327,0,19,46,0,221,0,0,1,,-10000,50,1200,0,1200,20,0,0,14,1,1.30,0.4,1,20,0,0,0,1200,0,0,20,1,800,0,0,20,1,800,0,0,20,1,800,0.33,nightmareb,0,1,1,1,0,5000,0,4,0,10,10,10,10,12,6,2,10,0,0,0,0,0,0,0,0,0,6,1,2,3,0,0,0,80,20,10000,-1,-1,NULL,NULL
northkarana,255,,"Northern Plains of Karana",NULL,-382,-284,-8,0,0,0,0,13,0,0,1,,-214,600,1400,10,800,220,200,200,1,0,0.75,0.4,1,200,200,220,10,800,200,200,220,10,800,200,200,220,10,800,200,200,220,10,800,0.33,,3,1,1,1,0,5000,1,0,0,30,30,20,30,24,6,2,10,0,0,0,0,0,0,0,0,0,0,1,2,3,0,1,0,80,1,665,-1,-1,NULL,NULL
nro,257,,"Northern Desert of Ro",NULL,299.12,3537.9,-24.5,0,0,0,0,34,0,0,1,,-101,600,1400,10,800,180,250,250,2,255,0.75,0.4,1,250,250,180,10,800,250,250,180,10,800,250,250,180,10,800,250,250,180,10,800,0.1,,1,1,1,1,0,5000,1,0,0,5,2,0,0,0,0,0,0,0,0,0,0,0,0,0,0,0,0,1,2,3,0,1,0,80,1,899,-1,-1,NULL,NULL
nurga,258,,"Mines of Nurga",NULL,-1762,-2200,6,0,0,0,0,107,0,0,1,,-400,300,800,100,300,0,0,15,0,1,0.95,0.4,0,0,15,0,100,300,0,15,0,100,300,0,15,0,100,300,0,15,0,100,300,0.33,,0,1,1,0,0,5000,1,1,0,0,0,0,0,1,1,1,1,0,0,0,0,1,1,1,1,0,0,0,2,3,0,0,1,80,1,200,-1,-1,NULL,NULL
oasis,259,,"Oasis of Marr",NULL,903.98,490.03,6.4,0,0,0,0,37,0,0,1,,-240,600,1400,10,800,180,250,250,2,255,0.75,0.4,1,250,250,180,10,800,250,250,180,10,800,250,250,180,10,800,250,250,180,10,800,0.1,,1,1,1,1,0,5000,1,0,0,8,5,0,0,0,0,0,0,0,0,0,0,0,0,0,0,0,0,1,2,3,0,1,0,80,1,670,-1,-1,NULL,NULL
oggok,263,,Oggok,NULL,-99,-345,4,0,0,0,0,49,0,0,1,,-182,300,300,10,300,80,130,140,0,0,0.75,0.4,2,130,140,80,10,300,130,140,80,10,300,130,140,80,10,300,130,140,80,10,300,0.33,,2,1,1,1,0,5000,1,0,0,25,25,10,25,24,6,2,10,0,0,0,0,0,0,0,0,0,0,0,1,3,0,0,0,80,1,601,-1,-1,NULL,NULL
oot,274,,"Ocean of Tears",NULL,-9200,390,6,0,0,0,0,69,0,0,1,,-342,600,1400,10,800,220,200,200,1,0,0.75,0.4,1,200,200,220,10,800,200,200,220,10,800,200,200,220,10,800,200,200,220,10,800,0.1,,1,1,1,1,0,5000,1,0,0,0,0,0,0,0,0,0,0,0,0,0,0,0,0,0,0,0,0,1,2,3,0,1,0,80,1,477,-1,-1,NULL,NULL
overthere,275,,"The Overthere",NULL,1450,-3500,309,0,0,0,0,93,0,0,1,,-762,300,1800,200,800,235,235,235,1,1,0.75,0.4,1,235,235,235,200,800,235,235,235,200,800,235,235,235,200,800,235,235,235,200,800,0.33,,3,1,1,1,0,5000,1,1,0,25,25,10,25,24,6,2,10,0,0,0,0,12,0,0,0,0,0,1,2,3,0,1,0,80,1,1144,-1,-1,NULL,NULL
paineel,276,,Paineel,NULL,200,800,3,0,0,0,0,75,0,0,1,,-320,50,1000,200,1000,150,150,150,1,0,0.75,0.4,2,150,150,150,200,850,150,150,150,200,1000,150,150,150,200,1000,150,150,150,200,1000,0.33,,2,1,1,1,0,5000,1,0,0,25,75,75,25,16,12,12,16,0,0,0,0,0,0,0,0,0,0,0,1,3,0,0,0,80,1,100,-1,-1,NULL,NULL
paludal,277,,"The Paludal Caverns",NULL,-241,-3721,195,0,0,0,0,156,0,0,1,,-10000,100,700,1,700,10,10,10,0,1,1.60,0.4,0,10,10,10,1,700,10,10,10,1,700,10,10,10,1,700,10,10,10,1,700,0.33,,0,1,1,0,0,5000,1,3,0,0,0,0,0,24,6,2,10,0,0,0,0,0,0,0,0,0,18,0,2,3,0,0,0,80,1,10000,-1,-1,NULL,NULL
paw,278,,"Lair of the Splitpaw",NULL,63,-122,3,0,0,0,0,18,0,0,1,,-96,10,180,10,180,10,30,25,0,255,0.90,0.4,0,30,25,10,10,180,30,25,10,10,180,30,25,10,10,180,30,25,10,10,180,0.33,,1,1,1,0,0,5000,1,0,0,0,0,0,0,0,0,0,0,0,0,0,0,0,0,0,0,0,0,0,2,3,0,0,1,80,1,202,-1,-1,NULL,NULL
permafrost,279,,"Permafrost Caverns",NULL,61,-121,2,0,0,0,0,73,0,0,1,,-120,180,180,10,180,45,25,35,0,255,0.80,0.4,0,25,35,45,10,180,25,35,45,10,180,25,35,45,10,180,25,35,45,10,180,0.33,,1,1,1,0,0,5000,1,0,0,0,0,0,0,0,0,0,0,0,0,0,0,0,0,0,0,0,0,0,2,3,0,0,1,80,1,10000,-1,-1,NULL,NULL
poair,280,,"Plane of Air",NULL,532,884,-90,0,16,46,0,215,0,0,1,,-10000,200,300,200,300,220,200,200,17,1,1.45,0.4,1,0,0,0,200,300,200,200,220,200,300,200,200,220,200,300,200,200,220,200,300,0.33,poair,0,1,0,1,0,5000,0,4,0,10,10,10,10,24,6,2,10,0,0,0,0,0,0,0,0,0,0,1,2,3,0,1,0,80,30,10000,-1,-1,NULL,NULL
podisease,281,,"Plane of Disease",NULL,-1750,-1245,-56,0,4,46,0,205,0,0,1,,-400,200,800,200,800,20,130,100,13,1,1.45,0.4,1,0,0,0,200,800,130,100,20,200,800,130,100,20,200,800,130,100,20,200,800,0.33,,0,1,1,1,0,5000,0,4,0,10,10,10,10,24,6,2,10,0,0,0,0,0,0,0,0,0,0,1,2,3,0,0,0,25,20,10000,-1,-1,NULL,NULL
poeartha,282,,"Plane of Earth",NULL,-1150,200,71,0,18,46,0,218,0,0,1,,-10000,200,600,200,600,99,140,126,13,1,1.45,0.4,1,0,0,0,200,600,140,126,99,200,600,140,126,99,200,600,140,126,99,200,600,0.33,poeartha,0,1,1,1,0,5000,0,4,0,10,10,10,10,24,6,2,10,0,0,0,0,0,0,0,0,0,0,1,2,3,0,1,0,25,30,10000,-1,-1,NULL,NULL
poearthb,283,,"Plane of Earth",NULL,-762,328,-56,0,17,46,0,222,0,0,1,,-10000,200,600,200,600,99,140,126,13,1,1.19,0.4,1,0,0,0,200,600,140,126,99,200,600,140,126,99,200,600,140,126,99,200,600,0.33,poearthb,0,1,1,1,0,5000,0,4,0,10,10,10,10,24,6,2,10,0,0,0,0,0,0,0,0,0,0,1,2,3,0,1,0,25,30,10000,-1,-1,NULL,NULL
pofire,284,,"Plane of Fire",NULL,-1387,1210,-182,0,13,46,0,217,0,0,1,,-10000,100,800,100,800,1,1,1,11,1,1.50,0.4,1,0,0,0,100,800,1,1,1,100,800,1,1,1,100,800,1,1,1,100,800,0.33,pofire,0,1,1,1,0,5000,0,4,0,0,0,0,0,0,0,0,0,0,0,0,0,0,0,0,0,0,17,1,2,3,0,1,0,15,20,10000,-1,-1,NULL,NULL
poinnovation,285,,"Plane of Innovation",NULL,263,516,-53,0,2,46,0,206,0,0,1,,-10000,210,600,210,600,200,200,200,14,1,1.19,0.4,1,0,0,0,210,600,200,200,200,210,600,200,200,200,210,600,200,200,200,210,600,0.33,,0,1,1,1,0,5000,0,4,0,10,10,10,10,24,6,2,10,0,0,0,0,0,0,0,0,0,0,1,2,3,0,1,0,40,15,10000,-1,-1,NULL,NULL
pojustice,286,,"Plane of Justice",NULL,58,-61,5,0,1,46,0,201,0,0,1,,-10000,210,900,10,800,220,200,200,12,1,1.45,0.4,5,0,0,0,10,800,200,200,220,10,800,200,200,220,10,800,200,200,220,10,800,0.33,,0,1,1,1,0,5000,0,4,0,0,0,0,0,0,0,0,0,0,0,0,0,0,0,0,0,0,0,1,2,3,0,0,0,40,10,10000,-1,-1,NULL,NULL
poknowledge,287,,"Plane of Knowledge",NULL,-285,-148,-159,0,0,0,0,202,0,0,1,,-5000,200,1400,10,800,155,50,50,2,0,0.95,0.4,2,0,0,0,10,800,50,50,155,10,800,50,50,150,10,800,50,50,150,10,800,0.33,,2,0,1,1,0,5000,1,4,0,0,0,0,0,0,0,0,0,0,0,0,0,0,0,0,0,0,0,0,2,3,0,0,0,80,10,5000,-1,-1,NULL,NULL
ponightmare,288,,"Plane of Nightmares",NULL,1668,282,212,0,3,46,0,204,0,0,1,,-10000,200,600,200,600,20,0,0,15,1,1.45,0.4,1,0,0,20,200,600,0,0,20,200,600,0,0,20,200,600,0,0,20,200,600,0.33,,0,1,1,1,0,5000,0,4,0,6,6,6,6,12,6,2,10,0,0,0,0,0,0,0,0,0,6,1,2,3,0,0,0,25,15,10000,-1,-1,NULL,NULL
postorms,289,,"Plane of Storms",NULL,-1795,-2059,-471,0,6,46,0,210,0,0,1,,-10000,200,800,200,800,255,200,255,16,1,1.70,0.4,1,0,0,0,200,800,252,250,199,200,800,252,225,199,200,800,189,168,119,200,800,0.33,postorms,0,1,1,1,0,5000,0,4,0,0,100,100,50,0,24,24,24,100,0,0,50,24,0,0,24,0,0,1,2,3,0,1,0,25,20,10000,-1,-1,NULL,NULL
potactics,290,,"Drunder, the Fortress of Zek",NULL,-210,10,-35,0,9,46,0,214,0,0,1,,-10000,100,400,100,400,0,0,0,0,1,1.45,0.4,0,0,0,0,100,400,0,0,0,100,400,0,0,0,100,400,0,0,0,100,400,0.33,potactics,0,1,1,0,0,5000,0,4,0,10,10,10,10,24,6,2,10,0,0,0,0,0,0,0,0,0,0,1,2,3,0,1,0,25,20,10000,-1,-1,NULL,NULL
potimea,291,,"Plane of Time",NULL,-37,-110,8,0,15,64,0,219,0,0,1,,-10000,50,1300,200,1300,220,200,200,1,1,0.40,0.4,1,0,0,0,500,2000,200,200,220,200,1300,200,200,220,200,1300,200,200,220,200,1300,0.33,potimea,0,1,1,1,0,5000,0,4,0,0,0,0,0,0,0,0,0,0,0,0,0,0,0,0,0,0,0,1,2,3,0,1,0,80,30,10000,-1,-1,NULL,NULL
potimeb,292,,"Plane of Time",NULL,851,-141,396,0,15,64,0,223,0,0,1,,-10000,50,1000,100,1000,220,200,200,1,1,1.30,0.4,1,0,0,0,500,2000,200,200,220,100,1000,200,200,220,100,1000,200,200,220,100,1000,0.33,potimeb,0,1,0,1,0,900000,0,4,0,0,0,0,0,0,0,0,0,0,0,0,0,0,0,0,0,0,0,0,2,3,0,1,0,80,15,10000,-1,-1,NULL,NULL
potorment,293,,"Torment, the Plane of Pain",NULL,-341,1706,-491,0,8,46,0,207,0,0,1,,-10000,300,900,300,900,5,70,5,0,1,1.45,0.4,0,255,0,0,300,900,70,5,5,300,900,70,5,5,300,900,70,5,5,300,900,0.33,potorment,0,1,0,1,0,5000,0,4,0,0,0,0,0,0,0,0,0,0,0,0,0,0,0,0,0,0,0,1,2,3,0,0,1,40,30,10000,-1,-1,NULL,NULL
potranquility,294,,"Plane of Tranquility",NULL,-1507,701,-878,0,0,46,0,203,0,0,1,,-1500,100,1400,10,800,220,200,200,17,0,0.75,0.4,2,0,0,0,10,800,200,200,220,10,800,200,200,220,10,800,200,200,220,10,800,0.33,,2,0,1,1,0,5000,1,4,0,0,0,0,0,0,0,0,0,0,0,0,0,0,0,0,0,0,0,0,2,3,0,0,0,80,10,1500,-1,-1,NULL,NULL
povalor,295,,"Plane of Valor",NULL,190,-1668,65,0,5,46,0,208,0,0,1,,-10000,200,800,200,800,100,100,50,12,1,1.45,0.4,1,0,0,0,200,800,50,100,150,200,800,35,94,50,200,800,0,35,94,200,800,0.33,povalor,0,1,1,1,0,5000,0,4,0,0,0,0,0,0,0,0,0,0,0,0,0,0,0,0,0,0,0,1,2,3,0,1,0,20,30,10000,-1,-1,NULL,NULL
powar,296,,"Plane of War",NULL,0,0,0,0,0,0,80,213,0,0,1,,-10000,1500,2000,500,2000,0,0,0,0,1,1.00,0.4,2,0,0,0,500,2000,0,0,0,500,2000,0,0,0,500,2000,0,0,0,500,2000,0.1,powar,0,1,1,1,0,1260000,0,4,0,0,0,0,0,0,0,0,0,0,0,0,0,0,0,0,0,0,0,1,0,3,0,0,0,80,20,10000,-1,-1,NULL,NULL
powater,297,,"Plane of Water",NULL,-165,-1250,4,0,14,46,0,216,0,0,1,,-10000,600,600,0,0,0,0,0,0,0,1.60,0.4,0,0,0,0,0,0,0,0,0,0,0,0,0,0,0,0,0,0,0,0,0,0.33,powater,0,1,1,0,0,5000,0,4,0,0,0,0,0,0,0,0,0,0,0,0,0,0,0,0,0,0,0,1,2,3,0,1,1,80,20,10000,-1,-1,NULL,NULL
qcat,300,,"Qeynos Aqueduct System",NULL,80,860,-38,0,0,0,0,45,0,0,1,,-112,125,125,10,125,10,30,50,0,255,1.60,0.4,0,0,0,0,500,125,30,50,10,10,125,30,50,10,10,125,30,50,10,10,125,0.33,,2,1,1,0,0,5000,1,0,0,0,0,0,0,0,0,0,0,0,0,0,0,0,0,0,0,0,0,0,2,3,0,0,0,80,1,392,-1,-1,NULL,NULL
qey2hh1,301,,"Western Plains of Karana",NULL,-531,15,-3,0,0,0,0,12,0,0,1,,-131,600,1400,10,800,220,200,200,1,0,0.75,0.4,1,200,200,220,10,800,200,200,220,10,800,200,200,220,10,800,200,200,220,10,800,0.33,,1,1,1,1,0,5000,1,0,0,25,25,10,25,24,6,2,10,0,0,0,0,0,0,0,0,0,0,1,2,3,0,0,0,80,1,660,-1,-1,NULL,NULL
qeynos,302,,"South Qeynos",NULL,0,10,5,0,0,0,0,1,0,0,1,,-320,450,450,10,450,210,200,200,1,0,1.00,0.4,2,200,200,210,10,450,200,200,210,10,450,200,200,210,10,450,200,200,210,10,450,0.33,,2,1,1,1,0,5000,1,0,0,25,25,50,25,24,24,24,24,0,0,0,0,0,0,0,0,0,0,0,1,3,0,1,0,80,1,100,-1,-1,NULL,NULL
qeynos2,303,,"North Qeynos",NULL,-74,428,3,0,0,0,0,2,0,0,1,,-404,450,1000,10,450,220,200,200,1,0,0.75,0.4,2,200,200,220,10,450,200,200,220,10,450,200,200,220,10,450,200,200,220,10,450,0.33,,2,1,1,1,0,5000,1,0,0,10,10,10,10,24,6,2,10,0,0,0,0,0,0,0,0,0,0,0,1,3,0,0,0,80,1,80,-1,-1,NULL,NULL
qeytoqrg,304,,"Qeynos Hills",NULL,83,508,0,0,0,0,0,4,1,0,1,,-150,600,1400,10,800,220,200,200,1,0,0.75,0.4,1,0,0,0,10,800,0,0,0,10,800,0,0,0,10,800,0,0,0,10,800,0.33,,1,1,1,1,0,5000,1,0,0,10,10,10,10,24,6,2,10,0,0,0,0,0,0,0,0,0,0,1,2,3,0,1,0,80,1,513,-1,-1,NULL,NULL
qrg,306,,"Surefall Glade",NULL,0,0,2,0,0,0,0,3,0,0,1,,-58,450,450,10,450,183,180,175,0,255,1.00,0.4,2,180,175,183,10,450,180,175,186,10,450,180,175,183,10,450,180,175,183,10,450,0.33,,2,1,1,1,0,5000,1,0,0,10,10,10,10,24,6,2,10,0,0,0,0,0,0,0,0,0,0,0,2,3,0,0,0,80,1,780,-1,-1,NULL,NULL
rathemtn,312,,"Rathe Mountains",NULL,1831,3825,28,0,0,0,0,50,0,0,1,,-230,600,1400,10,800,220,200,200,1,255,0.75,0.4,1,200,200,220,10,800,200,200,220,10,800,200,200,220,10,800,200,200,220,10,800,0.33,,1,1,1,1,0,5000,1,0,0,35,45,15,20,1,1,1,1,0,0,0,0,1,0,0,0,0,0,1,2,3,0,0,0,80,1,1070,-1,-1,NULL,NULL
rivervale,316,,Rivervale,NULL,0,0,4,0,0,0,0,19,0,0,1,,-72,400,400,10,400,200,200,210,1,255,1.00,0.4,2,200,210,200,10,400,200,210,200,10,400,200,210,200,10,400,200,210,200,10,400,0.33,,2,1,1,1,0,5000,1,0,0,10,10,5,10,0,0,0,0,0,0,0,0,0,0,0,0,0,0,0,2,3,0,0,0,80,1,600,-1,-1,NULL,NULL
runnyeye,329,,"Liberated Citadel of Runnyeye",NULL,201,90,4,0,0,0,0,11,0,0,1,,-192,600,600,10,600,25,75,150,0,1,1.00,0.4,0,75,150,25,10,600,75,150,25,10,600,75,150,25,10,600,75,150,25,10,600,0.16,,1,1,1,0,0,5000,1,0,0,0,0,0,0,24,6,2,10,0,0,0,0,0,0,0,0,0,0,0,2,3,0,0,1,80,1,39,-1,-1,NULL,NULL
scarlet,330,,"Scarlet Desert",NULL,-1678,-1054,-98,0,0,0,0,175,0,0,1,,-10000,100,700,100,700,20,220,20,0,1,0.75,0.4,1,220,20,20,100,700,220,20,20,100,700,220,20,20,100,700,220,20,20,100,700,0.16,,1,1,1,1,0,5000,1,3,0,0,0,0,0,0,0,0,0,0,0,0,0,0,0,0,0,0,11,0,2,3,0,0,0,80,1,10000,-1,-1,NULL,NULL
sebilis,331,,"Ruins of Sebilis",NULL,0,250,44,0,0,0,0,89,0,0,1,,-300,100,600,50,400,60,20,10,0,1,0.85,0.4,0,20,10,60,50,400,20,60,10,50,400,20,60,10,50,400,20,60,10,50,400,0.33,,0,1,1,0,0,5000,0,1,0,0,0,0,0,1,2,1,1,0,0,0,0,1,0,0,0,0,0,0,2,0,0,0,1,80,1,200,-1,-1,NULL,NULL
shadeweaver,332,,"Shadeweaver's Thicket",NULL,-3570,-2122,-93,0,0,0,0,165,0,0,1,,-500,100,1500,200,1500,122,11,76,7,1,0.75,0.4,1,11,76,122,200,1500,11,76,122,200,1500,11,76,122,200,1500,11,76,122,200,1500,0.33,,1,1,1,1,0,5000,1,3,0,2,2,2,2,24,6,2,10,0,0,0,0,0,0,0,0,0,19,0,2,3,0,0,0,80,1,2000,-1,-1,NULL,NULL
shadowhaven,333,,"Shadow Haven",NULL,190,-982,-28,0,0,0,0,150,0,0,1,,-510,100,650,200,600,0,0,0,0,1,1.00,0.4,3,0,0,0,200,600,0,0,0,200,600,0,0,0,200,600,0,0,0,200,600,0.33,,2,1,1,0,0,5000,1,3,0,0,0,0,0,24,24,24,24,0,0,0,0,0,0,0,0,0,23,0,2,3,0,0,0,80,1,640,-1,-1,NULL,NULL
sharvahl,336,,"The City of Shar Vahl",NULL,85,-1135,-188,0,0,0,0,155,0,0,1,,-1000,100,600,10,600,5,5,5,0,1,0.75,0.4,2,5,5,5,10,600,5,5,5,10,600,5,5,5,10,600,5,5,5,10,600,0.33,,2,1,1,1,0,5000,1,3,0,5,5,5,5,10,10,10,10,0,0,0,0,0,0,0,0,0,0,0,2,3,0,0,0,80,1,10000,-1,-1,NULL,NULL
sirens,344,,"Siren's Grotto",NULL,-33,196,4,0,0,0,0,125,0,0,1,,-400,300,600,10,500,130,30,100,0,0,0.85,0.4,0,30,100,130,10,500,30,100,130,10,500,30,100,130,10,500,30,100,130,10,500,0.33,,0,1,0,0,0,5000,1,2,0,0,0,0,0,0,0,0,0,0,0,0,0,0,0,0,0,0,20,0,2,3,0,0,1,80,1,1000,-1,-1,NULL,NULL
skyfire,345,,"Skyfire Mountains",NULL,-4286,-1140,38,0,0,0,0,91,0,0,1,,-430,100,1800,200,600,200,235,200,2,1,0.80,0.4,1,235,200,200,200,600,235,200,200,200,600,235,200,200,200,600,235,200,200,200,600,0.33,,1,1,1,1,0,5000,1,1,0,5,5,0,0,0,0,0,0,0,0,0,0,0,0,0,0,0,0,1,2,3,0,0,0,30,1,610,-1,-1,NULL,NULL
skyshrine,347,,Skyshrine,NULL,-730,-210,0,0,0,0,0,114,0,0,1,,-250,100,600,100,600,45,25,35,1,1,0.85,0.4,5,50,0,200,100,600,25,35,45,100,600,25,35,45,100,600,25,35,45,100,600,0.33,,3,1,1,1,0,5000,1,2,0,0,0,0,0,0,0,0,0,0,0,0,0,0,0,0,0,0,0,0,2,3,1,1,0,80,1,10000,-1,-1,NULL,NULL
sleeper,348,,"Sleeper's Tomb",NULL,0,0,5,0,0,0,0,128,0,0,1,,-1200,300,1000,200,800,220,80,80,0,1,0.85,0.4,0,80,80,220,200,800,80,80,220,200,800,80,80,220,200,800,80,80,220,200,800,0.33,,0,1,1,0,0,5000,0,2,0,0,0,0,0,0,0,0,0,0,0,0,0,0,0,0,0,0,0,0,2,3,0,1,1,80,1,10000,-1,-1,NULL,NULL
soldunga,353,,"Solusek's Eye",NULL,-486,-476,73,0,0,0,0,31,0,0,1,,-48,100,100,10,100,30,180,30,0,255,1.30,0.4,0,180,30,30,10,100,180,30,30,10,100,180,30,30,10,100,180,30,30,10,100,0.33,,1,1,1,0,0,5000,1,0,0,0,0,0,0,0,0,0,0,0,0,0,0,0,0,0,0,0,0,0,2,3,0,0,1,80,1,100,-1,-1,NULL,NULL
soldungb,354,,"Nagafen's Lair",NULL,-263,-424,-108,0,0,0,0,32,0,0,1,,-148,350,350,10,350,30,180,30,1,255,0.80,0.4,0,180,30,30,10,350,180,30,30,10,350,180,30,30,10,350,180,30,30,10,350,0.33,,1,1,1,0,0,5000,1,0,0,0,0,0,0,0,0,0,0,0,0,0,0,0,0,0,0,0,0,0,2,3,0,0,1,80,1,213,-1,-1,NULL,NULL
solrotower,356,,"Tower of Solusek Ro",NULL,-1,-2915,-766,0,12,46,0,212,0,0,1,,-20000,600,1400,600,1400,0,51,0,0,1,1.30,0.4,0,255,0,0,600,1400,51,0,0,600,1400,51,0,0,600,1400,51,0,0,600,1400,0.33,solrotower,0,1,1,0,0,5000,0,4,0,0,0,0,0,0,0,0,0,0,0,0,0,0,0,0,0,0,0,1,2,3,0,0,0,20,30,20000,-1,-1,NULL,NULL
soltemple,357,,"Temple of Solusek Ro",NULL,36,262,0,0,0,0,0,80,0,0,1,,-85,50,1500,50,1500,5,180,5,0,1,0.75,0.4,0,180,5,5,50,500,180,5,5,50,500,180,5,5,50,500,180,5,5,50,500,0.33,,1,1,1,0,0,5000,1,0,0,0,0,0,0,1,2,1,1,0,0,0,0,1,0,0,0,1,0,0,2,3,0,0,0,80,1,50,-1,-1,NULL,NULL
southkarana,359,,"Southern Plains of Karana",NULL,1294,2348,-6,0,0,0,0,14,0,0,1,,-292,600,1400,10,800,220,200,200,1,0,0.75,0.4,1,200,200,220,10,800,200,200,220,10,800,200,200,220,10,800,200,200,220,10,800,0.33,,1,1,1,1,0,5000,1,0,0,25,25,10,25,24,6,2,10,0,0,0,0,0,0,0,0,0,0,1,2,3,0,0,0,80,1,880,-1,-1,NULL,NULL
sro,361,,"Southern Desert of Ro",NULL,286,1265,79,0,0,0,0,35,0,0,1,,-120,600,1400,10,800,180,250,250,2,255,0.75,0.4,1,250,250,180,10,800,250,250,180,10,800,250,250,180,10,800,250,250,180,10,800,0.1,,1,1,1,1,0,5000,1,0,0,5,3,0,0,0,0,0,0,0,0,0,0,0,0,0,0,0,0,1,2,3,0,0,0,80,1,775,-1,-1,NULL,NULL
sseru,362,,"Sanctus Seru",NULL,-232,1166,59,0,0,0,0,159,0,0,1,,-200,100,800,100,800,72,72,72,9,1,0.85,0.4,2,72,72,72,100,800,72,72,72,100,800,72,72,72,100,800,72,72,72,100,800,0.33,,2,1,0,1,0,5000,1,3,0,0,0,0,0,24,6,2,10,0,0,0,0,12,0,0,0,0,14,0,1,3,0,0,0,80,1,375,-1,-1,NULL,NULL
ssratemple,363,,"Ssraeshza Temple",NULL,0,0,4,0,0,0,0,162,0,0,1,,-10000,100,400,10,400,0,0,0,0,1,1.00,0.4,0,0,0,0,10,400,0,0,0,10,400,0,0,0,10,400,0,0,0,10,400,0.33,,0,1,1,0,0,5000,0,3,0,0,0,0,0,0,0,0,0,0,0,0,0,0,0,0,0,0,0,0,2,3,0,1,1,80,1,10000,-1,-1,NULL,NULL
steamfont,365,,"Steamfont Mountains",NULL,-272.86,159.86,-21.4,0,0,0,0,56,0,0,1,,-222,600,800,10,800,220,200,200,1,255,0.75,0.4,1,200,200,220,10,800,200,200,220,10,800,200,200,220,10,800,200,200,220,10,800,0.1,,1,1,1,1,0,5000,1,0,0,10,10,10,10,24,6,2,10,0,0,0,0,0,0,0,0,0,0,1,2,3,0,1,0,80,1,666,-1,-1,NULL,NULL
stonebrunt,370,,"Stonebrunt Mountains",NULL,-1643,-3428,-7,0,0,0,0,100,0,0,1,,-1000,50,1400,10,1400,235,235,235,0,1,0.75,0.4,1,235,235,235,10,800,235,235,235,10,1400,235,235,235,10,1400,235,235,235,10,1400,0.33,,1,1,1,1,0,5000,1,2,0,0,19,14,0,1,2,1,1,20,0,0,20,2,0,0,1,1,0,1,2,3,0,0,0,80,1,5000,-1,-1,NULL,NULL
swampofnohope,374,,"Swamp of No Hope",NULL,2945,2761,6,0,0,0,0,83,0,0,1,,-270,300,1000,60,400,210,210,200,0,1,0.75,0.4,1,210,200,210,60,400,210,200,210,60,400,210,200,210,60,400,210,200,210,60,400,0.33,,1,1,1,1,0,5000,1,1,0,25,25,50,25,1,1,1,1,0,0,0,0,0,0,0,0,0,0,1,2,3,0,0,0,80,1,2818,-1,-1,NULL,NULL
templeveeshan,388,,"Temple of Veeshan",NULL,-499,-2086,-36,0,0,46,0,124,0,0,1,,-2500,100,1200,30,300,10,60,10,0,1,0.85,0.4,0,60,10,10,30,300,60,10,10,30,300,60,10,10,30,300,60,10,10,30,300,0.33,,0,1,0,0,0,5000,0,2,0,0,0,0,0,0,0,0,0,0,0,0,0,0,0,0,0,0,0,0,2,3,1,0,1,80,1,2000,-1,-1,NULL,NULL
tenebrous,389,,"The Tenebrous Mountains",NULL,1810,51,-36,0,0,0,0,172,0,0,1,,-150,100,800,10,800,65,45,4,7,1,0.75,0.4,1,45,4,65,10,800,45,4,65,10,800,45,4,65,10,800,45,4,65,10,800,0.33,,1,1,1,1,0,5000,1,3,0,10,10,10,10,24,6,2,10,25,0,0,0,24,0,0,0,0,22,0,2,3,0,0,0,80,1,707,-1,-1,NULL,NULL
thedeep,393,,"The Deep",NULL,-700,-398,-60,0,0,0,0,164,0,0,1,,-10000,100,1400,100,1400,50,50,50,0,1,0.85,0.4,0,50,50,50,100,1400,50,50,50,100,1400,50,50,50,100,1400,50,50,50,100,1400,0.33,,0,1,0,0,0,5000,1,3,0,0,0,0,0,0,0,0,0,0,0,0,0,0,0,0,0,0,0,0,2,3,0,0,1,80,1,10000,-1,-1,NULL,NULL
thegrey,394,,"The Grey",NULL,349,-1994,-26,0,0,0,0,171,0,0,1,,-500,100,2000,100,700,24,24,24,9,1,0.65,0.4,1,24,24,24,100,700,24,24,24,100,700,24,24,24,100,700,24,24,24,100,700,0.33,,0,1,1,1,0,5000,1,3,0,0,0,0,0,1,1,1,1,0,0,0,0,0,0,0,0,0,8,1,2,3,0,0,0,80,1,10000,-1,-1,NULL,NULL
thurgadina,404,,"The City of Thurgadin",NULL,0,-1222,0,0,0,0,0,115,0,0,1,,-150,300,600,100,300,25,25,25,0,1,0.85,0.4,3,25,25,25,100,300,25,25,25,100,300,25,25,25,100,300,25,25,25,100,300,0.33,,2,1,1,0,0,5000,1,2,0,0,0,0,0,24,24,24,24,0,0,0,0,0,0,0,0,0,0,0,2,3,0,1,0,80,1,10000,-1,-1,NULL,NULL
thurgadinb,405,,"Icewell Keep",NULL,0,250,0,0,0,0,0,129,0,0,1,,-160,300,600,100,300,25,25,25,0,1,0.85,0.4,0,25,25,25,100,300,25,25,25,100,300,25,25,25,100,300,25,25,25,100,300,0.33,,0,1,1,0,0,5000,1,2,0,0,0,0,0,24,24,24,24,0,0,0,0,0,0,0,0,0,0,0,2,3,1,1,1,80,1,10000,-1,-1,NULL,NULL
timorous,406,,"Timorous Deep",NULL,2194,-5392,6,0,0,0,0,96,0,0,1,,-611,300,1400,100,700,230,225,225,4,1,0.75,0.4,1,225,225,230,100,700,225,225,230,100,700,225,225,230,100,700,225,225,230,100,700,0.33,,1,1,1,1,0,5000,1,1,0,25,25,50,25,24,6,2,10,10,0,0,0,10,0,0,0,0,0,1,2,3,0,1,0,80,1,810,-1,-1,NULL,NULL
tox,410,,"Toxxulia Forest",NULL,203,2295,-45,0,0,0,0,38,0,0,1,,-231,50,300,50,250,30,220,200,0,255,0.75,0.4,1,220,200,30,50,250,220,200,30,50,250,220,200,30,50,250,220,200,30,50,250,0.1,,1,1,1,1,0,5000,1,0,0,10,10,10,10,1,2,1,1,0,0,0,0,0,0,0,0,0,0,1,2,3,0,1,0,80,1,650,-1,-1,NULL,NULL
trakanon,412,,"Trakanon's Teeth",NULL,1486,3868,-336,0,0,0,0,95,0,0,1,,-648,100,1000,60,250,213,210,235,0,1,0.75,0.4,1,210,235,213,60,250,210,235,213,60,250,210,235,213,60,250,210,235,213,60,250,0.33,,1,1,1,1,0,5000,1,1,0,25,25,10,25,24,6,2,10,0,0,0,0,12,0,0,0,0,0,1,2,3,0,0,0,80,1,550,-1,-1,NULL,NULL
tutorial,413,,"EverQuest Tutorial",NULL,0,0,0,0,0,0,200,183,0,0,1,,-2030,1500,2000,500,2000,0,0,0,0,1,1.00,0.4,2,0,0,0,500,2000,0,0,0,500,2000,0,0,0,500,2000,0,0,0,500,2000,0.1,,1,1,1,1,0,5000,1,99,0,0,0,0,0,0,0,0,0,0,0,0,0,0,0,0,0,0,0,1,0,3,0,0,0,80,1,10000,-1,-1,NULL,NULL
twilight,416,,Twilight,NULL,-1858,-420,-10,0,0,0,0,170,0,0,1,,-500,100,1000,200,1000,0,0,0,7,1,0.75,0.4,1,0,0,0,200,1000,0,0,0,200,1000,0,0,0,200,1000,0,0,0,200,1000,0.33,,1,1,1,1,0,5000,1,3,0,0,0,0,0,1,1,1,1,0,0,0,0,0,0,0,0,0,5,0,2,3,0,0,0,80,1,10000,-1,-1,NULL,NULL
umbral,418,,"The Umbral Plains",NULL,1900,-474,23,0,0,0,0,176,0,0,1,,-1000,100,700,10,700,30,30,10,7,1,0.90,0.4,1,30,10,30,10,700,30,10,30,10,700,30,10,30,10,700,30,10,30,10,700,0.33,,1,1,1,1,0,5000,1,3,0,30,30,30,30,1,1,1,1,5,5,5,0,1,1,1,0,0,17,0,2,3,0,1,0,80,1,5000,-1,-1,NULL,NULL
unrest,419,,"The Estate of Unrest",NULL,52,-38,3,0,0,0,0,63,0,0,1,,-112,300,300,10,300,60,40,10,0,255,1.30,0.4,5,40,10,60,10,300,40,10,60,10,300,40,10,60,10,300,40,10,60,10,300,0.33,,1,1,1,1,0,5000,1,0,0,100,100,100,100,24,24,24,24,0,0,0,0,0,0,0,0,0,6,0,2,3,0,0,1,80,1,74,-1,-1,NULL,NULL
veeshan,422,,"Veeshan's Peak",NULL,1783,-5,15,0,0,0,0,108,0,0,1,,-220,50,1200,100,1200,0,50,0,0,1,0.75,0.4,5,20,0,0,100,1200,50,0,0,100,1200,50,0,0,100,1200,50,0,0,100,1200,0.33,,0,1,1,1,0,5000,0,1,0,0,0,0,0,0,0,0,0,0,0,0,0,0,0,0,0,0,0,1,2,3,0,0,1,80,1,1100,-1,-1,NULL,NULL
veksar,423,,Veksar,NULL,1,-486,-27,0,0,0,200,109,0,0,1,,-500,50,1200,50,1200,150,75,0,0,255,1.33,0.4,0,0,0,0,500,2000,75,0,150,10,350,75,0,150,10,350,75,0,150,10,350,0.33,,1,1,0,0,0,5000,1,1,0,0,0,0,0,0,0,0,0,0,0,0,0,0,0,0,0,0,0,0,0,3,0,0,1,80,1,10000,-1,-1,NULL,NULL
velketor,424,,"Velketor's Labyrinth",NULL,-65,581,-152,0,0,0,0,112,0,0,1,,-10000,300,600,10,500,130,10,130,0,1,0.85,0.4,0,10,130,130,10,500,10,130,130,10,500,10,130,130,10,500,10,130,130,10,500,0.33,,0,1,0,0,0,5000,1,2,0,0,0,0,0,0,0,0,0,0,0,0,0,0,0,0,0,0,0,0,2,3,0,0,1,80,1,10000,-1,-1,NULL,NULL
vexthal,426,,"Vex Thal",NULL,-1655,257,-35,0,0,0,0,158,0,0,1,,-200,508,800,50,800,60,90,110,0,1,0.85,0.4,5,90,110,60,50,800,90,110,60,50,800,90,110,60,50,800,90,110,60,50,800,0.33,,0,1,0,1,0,5000,0,3,0,0,0,0,0,0,0,0,0,0,0,0,0,0,0,0,0,0,18,0,2,3,0,0,1,28,1,2614,-1,-1,NULL,NULL
wakening,428,,"The Wakening Land",NULL,-5000,-673,-195,0,0,0,0,119,0,0,1,,-300,300,1200,60,600,254,254,254,0,1,0.75,0.4,1,254,254,254,60,600,254,254,254,60,600,254,254,254,60,600,254,254,254,60,600,0.33,,1,1,1,1,0,5000,1,2,0,30,30,30,30,24,6,2,10,0,0,0,0,0,0,0,0,0,0,1,2,3,0,0,0,80,1,10000,-1,-1,NULL,NULL
warrens,430,,"The Warrens",NULL,-930,748,-37,0,0,0,0,101,0,0,1,,-10000,50,800,100,800,0,0,15,0,1,1.50,0.4,0,0,15,0,100,300,0,15,0,100,800,0,15,0,100,800,0,15,0,100,800,0.33,,1,1,1,0,0,5000,1,2,0,0,0,0,0,1,1,1,1,0,0,0,0,1,1,1,1,1,0,0,2,3,0,0,1,80,1,10000,-1,-1,NULL,NULL
warslikswood,431,,"Warsliks Woods",NULL,-468,-1429,198,0,0,0,0,79,0,0,1,,-500,300,800,60,600,210,210,235,0,1,0.75,0.4,1,210,235,210,60,600,210,235,210,60,600,210,235,210,60,600,210,235,210,60,600,0.33,,1,1,1,1,0,5000,1,1,0,25,25,50,25,1,1,1,1,0,0,0,0,0,0,0,0,0,0,1,2,3,0,0,0,80,1,1133,-1,-1,NULL,NULL
westwastes,436,,"Western Wastes",NULL,-3499,-4099,-18,0,0,0,0,120,0,0,1,,-439,800,1800,200,1800,160,128,128,4,1,0.80,0.4,1,128,128,160,200,1800,128,128,160,200,1800,128,128,160,200,1800,128,128,160,200,1800,0.33,,1,1,1,1,0,5000,1,2,0,0,0,0,0,1,1,1,1,50,40,35,40,15,10,4,12,0,0,1,2,3,0,0,0,80,1,10000,-1,-1,NULL,NULL
nektulos,439,,"Nektulos Forest",NULL,-279,-1201,-5,0,0,0,0,25,0,0,1,NULL,-189,200,275,10,250,70,80,90,0,255,0.75,0.4,1,0,0,0,10,250,80,90,70,10,250,80,90,70,10,250,80,90,70,10,250,0.33,,1,1,1,1,0,5000,1,0,0,10,10,5,5,2,3,1,2,0,0,0,0,0,0,0,0,0,0,1,2,3,0,0,0,80,1,508,-1,-1,NULL,NULL
bazaar,5880,NULL,"The Bazaar",NULL,140,-821,5,0,0,0,0,151,0,0,1,NULL,-200,100,400,200,400,50,50,50,0,1,0.75,0.4,3,0,0,0,200,400,0,0,0,200,400,0,0,0,200,400,0,0,0,200,400,0,,2,0,1,1,0,5000,1,3,0,0,0,0,0,0,0,0,0,0,0,0,0,0,0,0,0,0,0,0,2,3,0,0,0,80,1,2000,-1,-1,NULL,NULL
